{"1": {"type": {"name": "both", "imbalance": "high", "r_earthing": 2.0}, "n_iterations": 5, "condition": 3141618659.680765, "residuals": [2001457.363301687, 2001457.3633010949, 42.298028624541395, 21.749998260092156, 9.772064757385124e-08], "elapsed_time": 0.45142531394958496, "tol": 0.0001, "converge": true}}