{"1": {"R1": [0.6, 0.15, 0.25], "R11": [0.65, 0.2, 0.14999999999999997], "R15": [0.65, 0.25, 0.09999999999999998], "R16": [0.65, 0.25, 0.09999999999999998], "R17": [0.6, 0.0, 0.4], "R18": [0.5, 0.2, 0.3], "I2": [0.5, 0.05, 0.45], "C1": [0.65, 0.1, 0.24999999999999997], "C12": [0.5, 0.05, 0.45], "C13": [0.55, 0.25, 0.19999999999999996], "C14": [0.5, 0.05, 0.45], "C17": [0.5, 0.0, 0.5], "C18": [0.65, 0.15, 0.19999999999999998], "C19": [0.6, 0.0, 0.4], "C20": [0.5, 0.25, 0.25]}}