{
    "N10": {
        "p": [
            -99.999999,
            0,
            0
        ],
        "q": [
            199.999998,
            0,
            0
        ]
    },
    "N23": {
        "p": [
            0,
            0,
            1766.666649
        ],
        "q": [
            0,
            0,
            466.66666200000003
        ]
    },
    "N0": {
        "p": [
            0,
            0,
            -2099.999979
        ],
        "q": [
            0,
            0,
            -66.666666
        ]
    },
    "N29": {
        "p": [
            0,
            1333.3333200000002,
            0
        ],
        "q": [
            0,
            333.33333000000005,
            0
        ]
    },
    "N63": {
        "p": [
            -66.666666,
            0,
            0
        ],
        "q": [
            0,
            0,
            0
        ]
    },
    "N66": {
        "p": [
            0,
            0,
            0
        ],
        "q": [
            0,
            0,
            0
        ]
    },
    "N74": {
        "p": [
            -466.66666200000003,
            0,
            0
        ],
        "q": [
            -33.333333,
            0,
            0
        ]
    },
    "N76": {
        "p": [
            0,
            -266.666664,
            0
        ],
        "q": [
            0,
            -33.333333,
            0
        ]
    },
    "N8": {
        "p": [
            0,
            -333.33333000000005,
            0
        ],
        "q": [
            0,
            199.999998,
            0
        ]
    },
    "N40": {
        "p": [
            -66.666666,
            0,
            0
        ],
        "q": [
            -33.333333,
            33.333333,
            0
        ]
    },
    "N59": {
        "p": [
            0,
            0,
            -1399.999986
        ],
        "q": [
            0,
            0,
            166.66666500000002
        ]
    },
    "N77": {
        "p": [
            0,
            -1666.6666500000001,
            0
        ],
        "q": [
            0,
            -33.333333,
            0
        ]
    },
    "N18": {
        "p": [
            -499.999995,
            0,
            0
        ],
        "q": [
            499.999995,
            0,
            0
        ]
    },
    "N27": {
        "p": [
            1799.9999820000003,
            -1333.3333200000002,
            0
        ],
        "q": [
            266.666664,
            -133.333332,
            0
        ]
    },
    "N21": {
        "p": [
            -866.666658,
            0,
            0
        ],
        "q": [
            99.999999,
            0,
            0
        ]
    },
    "N129": {
        "p": [
            0,
            0,
            166.66666500000002
        ],
        "q": [
            0,
            0,
            33.333333
        ]
    },
    "N144": {
        "p": [
            0,
            0,
            0
        ],
        "q": [
            0,
            0,
            0
        ]
    },
    "N75": {
        "p": [
            -1733.333316,
            0,
            0
        ],
        "q": [
            -33.333333,
            0,
            0
        ]
    },
    "N15": {
        "p": [
            0,
            -733.333326,
            0
        ],
        "q": [
            0,
            466.66666200000003,
            0
        ]
    },
    "N22": {
        "p": [
            0,
            0,
            -433.333329
        ],
        "q": [
            0,
            0,
            333.33333000000005
        ]
    },
    "N36": {
        "p": [
            0,
            966.666657,
            0
        ],
        "q": [
            0,
            533.333328,
            0
        ]
    },
    "N87": {
        "p": [
            0,
            -1366.6666530000002,
            0
        ],
        "q": [
            0,
            -133.333332,
            0
        ]
    },
    "N160": {
        "p": [
            0,
            0,
            0
        ],
        "q": [
            -33.333333,
            0,
            0
        ]
    },
    "N19": {
        "p": [
            -66.666666,
            0,
            0
        ],
        "q": [
            33.333333,
            0,
            0
        ]
    },
    "N37": {
        "p": [
            0,
            0,
            0
        ],
        "q": [
            -33.333333,
            0,
            0
        ]
    },
    "N28": {
        "p": [
            99.999999,
            0,
            0
        ],
        "q": [
            166.66666500000002,
            0,
            0
        ]
    },
    "N61": {
        "p": [
            0,
            0,
            -33.333333
        ],
        "q": [
            0,
            0,
            -333.33333000000005
        ]
    },
    "N110": {
        "p": [
            -5299.999947,
            0,
            0
        ],
        "q": [
            -299.999997,
            0,
            0
        ]
    },
    "N16": {
        "p": [
            0,
            0,
            -199.999998
        ],
        "q": [
            0,
            0,
            0
        ]
    },
    "N46": {
        "p": [
            0,
            0,
            266.666664
        ],
        "q": [
            0,
            0,
            0
        ]
    },
    "N35": {
        "p": [
            0,
            0,
            0
        ],
        "q": [
            0,
            0,
            0
        ]
    },
    "N64": {
        "p": [
            0,
            -799.999992,
            0
        ],
        "q": [
            0,
            -433.333329,
            0
        ]
    },
    "N67": {
        "p": [
            -633.333327,
            0,
            0
        ],
        "q": [
            -66.666666,
            0,
            0
        ]
    },
    "N49": {
        "p": [
            -1166.666655,
            0,
            99.999999
        ],
        "q": [
            99.999999,
            0,
            -66.666666
        ]
    },
    "N95": {
        "p": [
            0,
            0,
            0
        ],
        "q": [
            0,
            0,
            0
        ]
    },
    "N131": {
        "p": [
            0,
            33.333333,
            0
        ],
        "q": [
            0,
            399.999996,
            0
        ]
    },
    "N13": {
        "p": [
            -66.666666,
            0,
            0
        ],
        "q": [
            66.666666,
            0,
            0
        ]
    },
    "N45": {
        "p": [
            133.333332,
            0,
            -2833.3333050000006
        ],
        "q": [
            33.333333,
            0,
            99.999999
        ]
    },
    "N91": {
        "p": [
            -499.999995,
            0,
            0
        ],
        "q": [
            0,
            0,
            0
        ]
    },
    "N153": {
        "p": [
            0,
            0,
            33.333333
        ],
        "q": [
            0,
            0,
            0
        ]
    },
    "N30": {
        "p": [
            0,
            -1166.666655,
            -1366.6666530000002
        ],
        "q": [
            0,
            -233.33333100000002,
            -33.333333
        ]
    },
    "N34": {
        "p": [
            -233.33333100000002,
            0,
            0
        ],
        "q": [
            66.666666,
            0,
            0
        ]
    },
    "N7": {
        "p": [
            0,
            0,
            199.999998
        ],
        "q": [
            0,
            0,
            -66.666666
        ]
    },
    "N14": {
        "p": [
            -199.999998,
            0,
            0
        ],
        "q": [
            99.999999,
            0,
            0
        ]
    },