{"1": {"type": {"name": "both", "imbalance": "high", "r_earthing": 2.0}, "n_iterations": 4, "condition": 18774.899377838497, "residuals": [151.93893818149309, 323.3087166578007, 0.23301566500595072, 2.0416337065398693e-07], "elapsed_time": 0.3346526622772217, "tol": 0.0001, "converge": true, "voltages": {"0": {"R": [230.94010767585033, 230.94010767585033, 230.94010767585033, 230.94010767585033, 230.94010767585033, 230.94010767585033, 230.94010767585033, 230.94010767585033, 230.94010767585033, 230.94010767585033, 230.94010767585033, 230.94010767585033, 230.94010767585033, 230.94010767585033, 230.94010767585033, 230.94010767585033, 230.94010767585033, 230.94010767585033], "S": [230.9401076758503, 230.9401076758503, 230.9401076758503, 230.9401076758503, 230.9401076758503, 230.9401076758503, 230.9401076758503, 230.9401076758503, 230.9401076758503, 230.9401076758503, 230.9401076758503, 230.9401076758503, 230.9401076758503, 230.9401076758503, 230.9401076758503, 230.9401076758503, 230.9401076758503, 230.9401076758503], "T": [230.9401076758503, 230.9401076758503, 230.9401076758503, 230.9401076758503, 230.9401076758503, 230.9401076758503, 230.9401076758503, 230.9401076758503, 230.9401076758503, 230.9401076758503, 230.9401076758503, 230.9401076758503, 230.9401076758503, 230.9401076758503, 230.9401076758503, 230.9401076758503, 230.9401076758503, 230.9401076758503], "N": [0, 0, 0, 0, 0, 0, 0, 0, 0, 0, 0, 0, 0, 0, 0, 0, 0, 0]}, "1": {"R": [230.94010767585033, 230.84297878490108, 227.84834797954846, 224.26549335963006, 222.86827483305663, 220.94976166410686, 219.72320267676147, 218.90359006920815, 222.79384948560008, 218.9035900692082, 227.81856957621557, 222.7938494856001, 220.86824527211127, 219.65430695101227, 218.8428850421628, 218.8235239153727, 218.57212659189133, 218.57212659189133], "S": [230.9401076758503, 230.8481899847882, 227.98454721822176, 224.55078283081772, 223.21196355408117, 221.13833561754444, 219.69834987638436, 218.2599752194757, 223.1805321263288, 218.25997521947568, 227.95923557398712, 223.18053212632879, 221.0721152977695, 219.67044426148013, 218.15346730595698, 218.14726182675793, 218.0666299624816, 218.0666299624816], "T": [230.9401076758503, 230.89328678648747, 229.4428712748093, 227.76897431667325, 227.11575060327652, 226.1906544111141, 225.67312179568344, 225.14689593681004, 227.08547704580565, 225.14689593681007, 229.4259144617208, 227.08547704580565, 226.13568669965957, 225.66408886110773, 225.10791674625014, 225.0999191378591, 224.99595838260683, 224.9959583826068], "N": [0, 0.03552692420709891, 1.738410398022656, 4.153175369250516, 5.101076135491033, 6.606624384808147, 7.846523507456596, 8.888521028935758, 5.114532921839793, 8.888521028935756, 1.7328907732747214, 5.1145329218397935, 6.614871773474426, 7.896482674493562, 8.967583448808165, 8.957009023725576, 8.826897220988661, 8.826897220988668]}, "2": {"R": [230.94010767585033, 230.84270260446465, 227.8394538729141, 224.245351999259, 222.8437625330203, 220.9186983674382, 219.68759653752892, 218.86496464203267, 222.76918803261213, 218.8649646420327, 227.80966734814527, 222.76918803261213, 220.8369546874184, 219.618444420847, 218.80403615471616, 218.78465638678327, 218.53302071045036, 218.53302071045036], "S": [230.9401076758503, 230.84775842347386, 227.97080446725897, 224.51942022323865, 223.1736821814345, 221.0887557238574, 219.64031622624714, 218.19281937845838, 223.14219549143604, 218.19281937845835, 227.94548639934814, 223.14219549143604, 221.02233525533842, 219.6123174770455, 218.08563428738265, 218.07933590325052, 217.99749617954825, 217.9974961795483], "T": [230.9401076758503, 230.89328564342642, 229.44280514769272, 227.76881034786604, 227.1155485944353, 226.19037448050287, 225.6728034874281, 225.14647403868423, 227.0852743288481, 225.14647403868423, 229.42584879855877, 227.08527432884807, 226.13539824039987, 225.66377703741463, 225.1074871698719, 225.09948600666732, 224.99547905390298, 224.99547905390295], "N": [0, 0.03528208995655031, 1.7266047292457753, 4.126888552969988, 5.069173008567579, 6.566277964434557, 7.80047212447146, 8.838535685077357, 5.082544473592425, 8.838535685077364, 1.721057194415111, 5.082544473592426, 6.57436809639437, 7.850207585997161, 8.91734820908676, 8.906532961549761, 8.773341181931219, 8.773341181931217]}, "3": {"R": [230.94010767585033, 230.84270253953, 227.83945193656555, 224.24534761376748, 222.84375718448894, 220.9186915605887, 219.68758874760294, 218.86495606920815, 222.76918266425682, 218.86495606920815, 227.80966540973952, 222.76918266425685, 220.8369478415502, 219.61843658938636, 218.8040275238169, 218.78464772017364, 218.53301157913833, 218.53301157913833], "S": [230.9401076758503, 230.84775797469499, 227.97079014374913, 224.5193876635976, 223.17364251809508, 221.0887043649436, 219.64025583408164, 218.19274948554562, 223.14215578276549, 218.19274948554562, 227.94547207069223, 223.14215578276549, 221.02228371495565, 219.6122569635117, 218.08556369118588, 218.079265261005, 217.99742493916924, 217.99742493916918], "T": [230.9401076758503, 230.89328570133947, 229.4428068246124, 227.7688140484908, 227.1155530845853, 226.19038010777302, 225.67280987966274, 225.1464810567681, 227.0852788435442, 225.14648105676812, 229.4258504819928, 227.08527884354422, 226.1354038999673, 225.66378345991976, 225.1074942343239, 225.09949307599635, 224.99548618661356, 224.99548618661353], "N": [0, 0.035282220079874096, 1.7266111328456208, 4.126908484227273, 5.069198152246941, 6.566315253418911, 7.80051962927717, 8.838597673025118, 5.0825692434002505, 8.838597673025124, 1.7210633260832657, 5.082569243400248, 6.574405386333661, 7.850254803930786, 8.91741126593951, 8.9065958782882, 8.77340217411673, 8.773402174116727]}, "4": {"R": [230.94010767585033, 230.84270253953002, 227.83945193656726, 224.24534761377325, 222.84375718449624, 220.91869156059812, 219.68758874761397, 218.864956069221, 222.76918266426418, 218.86495606922097, 227.80966540974123, 222.76918266426424, 220.83694784155958, 219.6184365893974, 218.80402752382977, 218.78464772018654, 218.5330115791514, 218.53301157915143], "S": [230.9401076758503, 230.84775797469453, 227.97079014373378, 224.51938766356395, 223.1736425180543, 221.08870436489136, 219.64025583402105, 218.19274948547505, 223.14215578272456, 218.1927494854751, 227.94547207067683, 223.1421557827246, 221.02228371490327, 219.6122569634511, 218.0855636911145, 218.0792652609336, 217.9974249390979, 217.99742493909793], "T": [230.9401076758503, 230.89328570133955, 229.44280682461414, 227.76881404849104, 227.11555308458497, 226.19038010777206, 225.6728098796609, 225.14648105676636, 227.085278843544, 225.1464810567664, 229.42585048199464, 227.085278843544, 226.1354038999664, 225.66378345991788, 225.10749423432227, 225.0994930759948, 224.99548618661183, 224.9954861866118], "N": [0, 0.03528222007989359, 1.7266111328463145, 4.1269084842356705, 5.069198152258243, 6.566315253437559, 7.800519629302668, 8.83859767306041, 5.082569243411234, 8.83859767306042, 1.7210633260836898, 5.082569243411233, 6.574405386352217, 7.850254803956056, 8.917411265975415, 8.90659587832396, 8.77340217415075, 8.773402174150776]}}, "currents": {"0": {"R": [0, 0.0, 0.0, 0.0, 0.0, 0.0, 0.0, 0.0, 0.0, 0.0, 51.051780801610704, 66.22809960575921, 72.17766613320373, 86.59563170711534, 11.467257022524235, 0.0, 105.87699145991688, 0.0], "S": [0, 0.0, 0.0, 0.0, 0.0, 0.0, 0.0, 0.0, 0.0, 0.0, 35.73160867863116, 29.825881089629846, 61.57567709891154, 38.70142581925019, 184.2888887478755, 0.0, 36.55127877166579, 0.0], "T": [0, 0.0, 0.0, 0.0, 0.0, 0.0, 0.0, 0.0, 0.0, 0.0, 27.739630387840673, 28.423935582290092, 53.413871292290224, 13.720117185638964, 49.85144976665295, 0.0, 33.63306090070106, 0.0], "N": [0, 0.0, 0.0, 0.0, 0.0, 0.0, 0.0, 0.0, 0.0, 0.0, 36.18122806922964, 39.77324947952598, 15.075567939256404, 62.35202548800613, 156.54676780308148, 0.0, 85.25453937003884, 0.0]},