{"1": {"type": {"name": "both", "imbalance": "high", "r_earthing": 2.0}, "n_iterations": 4, "condition": 190632.94269805172, "residuals": [151.93893818147166, 1.5974098560687935, 1.5392435345583237, 3.320957883090614e-05], "elapsed_time": 0.056830406188964844, "tol": 0.0001, "converge": true, "voltages": {"0": {"R": [230.94010767585033, 230.94010767585033, 230.94010767585033, 230.94010767585033, 230.94010767585033, 230.94010767585033, 230.94010767585033, 230.94010767585033, 230.94010767585033, 230.94010767585033, 230.94010767585033, 230.94010767585033, 230.94010767585033, 230.94010767585033, 230.94010767585033, 230.94010767585033, 230.94010767585033, 230.94010767585033], "S": [230.9401076758503, 230.9401076758503, 230.9401076758503, 230.9401076758503, 230.9401076758503, 230.9401076758503, 230.9401076758503, 230.9401076758503, 230.9401076758503, 230.9401076758503, 230.9401076758503, 230.9401076758503, 230.9401076758503, 230.9401076758503, 230.9401076758503, 230.9401076758503, 230.9401076758503, 230.9401076758503], "T": [230.9401076758503, 230.9401076758503, 230.9401076758503, 230.9401076758503, 230.9401076758503, 230.9401076758503, 230.9401076758503, 230.9401076758503, 230.9401076758503, 230.9401076758503, 230.9401076758503, 230.9401076758503, 230.9401076758503, 230.9401076758503, 230.9401076758503, 230.9401076758503, 230.9401076758503, 230.9401076758503], "N": [0, 0, 0, 0, 0, 0, 0, 0, 0, 0, 0, 0, 0, 0, 0, 0, 0, 0]}, "1": {"R": [230.94010767585033, 230.8429787849009, 227.84834797954417, 224.26549335961965, 222.8682748330438, 220.94976166408972, 219.72320267674093, 218.90359006918473, 222.7938494855874, 218.90359006918473, 227.81856957621127, 222.7938494855874, 220.86824527209416, 219.65430695099172, 218.84288504213913, 218.82352391534903, 218.57212659186766, 218.57212659186766], "S": [230.9401076758503, 230.84818998478818, 227.9845472182217, 224.5507828308176, 223.211963554081, 221.13833561754373, 219.69834987638288, 218.2599752194728, 223.18053212632864, 218.25997521947284, 227.959235573987, 223.18053212632864, 221.07211529776873, 219.67044426147865, 218.15346730595405, 218.14726182675494, 218.06662996247826, 218.06662996247826], "T": [230.9401076758503, 230.89328678648755, 229.44287127481178, 227.76897431667956, 227.11575060328434, 226.19065441112542, 225.67312179569805, 225.14689593682778, 227.08547704581346, 225.14689593682778, 229.42591446172327, 227.08547704581346, 226.13568669967094, 225.66408886112242, 225.10791674626802, 225.09991913787704, 224.9959583826249, 224.9959583826249], "N": [0.0, 0.035526924206994465, 1.7384103980204046, 4.153175369245314, 5.101076135484653, 6.606624384799121, 7.846523507445061, 8.888521028922032, 5.11453292183343, 8.88852102892203, 1.732890773272461, 5.114532921833431, 6.614871773465376, 7.896482674481982, 8.96758344879437, 8.957009023711734, 8.826897220974471, 8.82689722097447]}, "2": {"R": [230.94010767585033, 230.84299775277134, 227.84899083634946, 224.26697842541103, 222.87009527264726, 220.95266802930146, 219.72710803056856, 218.91001713849576, 222.79555087285948, 218.91001713849582, 227.81920854783766, 222.79555087285948, 220.87104685661942, 219.65806187053965, 218.84949858381825, 218.83012855753884, 218.57862069053823, 218.57862069053823], "S": [230.9401076758503, 230.84748179370735, 227.96180900672073, 224.49869711389087, 223.14836052105542, 221.0550386279303, 219.59972898402214, 218.1428549560229, 223.11694332524996, 218.1428549560229, 227.9364974314218, 223.11694332524996, 220.98857730400283, 219.57187479850367, 218.03497493855724, 218.0287048833468, 217.94723313491218, 217.94723313491218], "T": [230.9401076758503, 230.89325425202142, 229.44181088811848, 227.7667722907368, 227.1131055368489, 226.18818784729365, 225.67152860029006, 225.14864506080693, 227.08272517957803, 225.1486450608069, 229.4248430366607, 227.08272517957803, 226.1331227623156, 225.66223773845508, 225.10991329196378, 225.10186950693912, 224.99730843578334, 224.99730843578334], "N": [0.0, 0.035723894479097275, 1.7446633552397195, 4.164551283339809, 5.114458595727492, 6.620414846380853, 7.859187128091282, 8.89510780427349, 5.128236236812149, 8.895107804273497, 1.739285274921071, 5.128236236812151, 6.628847469977441, 7.909647098733941, 8.973706114736666, 8.963357047791028, 8.83620277255897, 8.836202772558972]}, "3": {"R": [230.94010767585033, 230.84270252405398, 227.8394514401445, 224.24534648332352, 222.84375580650283, 220.91868978027804, 219.68758666664985, 218.86495367902444, 222.76918128506043, 218.86495367902444, 227.80966491323852, 222.76918128506043, 220.83694605651635, 219.61843450358194, 218.80402511073035, 218.78464530463305, 218.5330091316047, 218.5330091316047], "S": [230.9401076758503, 230.84775797934458, 227.97079030206373, 224.51938803622272, 223.173642976015, 221.08870496769651, 219.64025654288474, 218.1927503128227, 223.14215624037772, 218.1927503128227, 227.9454722286427, 223.14215624037772, 221.02228431881736, 219.61225767313164, 218.085564527291, 218.0792660970986, 217.9974257751341, 217.9974257751341], "T": [230.9401076758503, 230.89328570863785, 229.4428070514533, 227.76881455758493, 227.11555370372196, 226.19038089494856, 225.67281078744378, 225.14648205950184, 227.0852794648842, 225.14648205950184, 229.42585070926646, 227.0852794648842, 226.1354046907866, 225.66378437290274, 225.10749524409766, 225.09949408732157, 224.99548721810348, 224.99548721810348], "N": [0.0, 0.03528219828657064, 1.7266102809886419, 4.126906897948001, 5.06919627852904, 6.566313177551056, 7.8005174575593585, 8.838595758293582, 5.082567339429148, 8.838595758293565, 1.7210624564908454, 5.082567339429147, 6.57440330080383, 7.850252592762093, 8.917409371151312, 8.906593964914098, 8.773400012322966, 8.773400012322965]}, "4": {"R": [230.94010767585033, 230.84270254958412, 227.8394522649327, 224.24534836775183, 222.8437581058679, 220.91869274915274, 219.68759011895884, 218.86495762030216, 222.76918358766338, 218.86495762030216, 227.8096657381567, 222.76918358766338, 220.8369490364449, 219.6184379646767, 218.80402908824416, 218.78464928607067, 218.533013164187, 218.533013164187], "S": [230.9401076758503, 230.8477579802227, 227.97079032113044, 224.51938806311097, 223.17364300284817, 221.08870498905995, 219.6402565757201, 218.19275033082627, 223.14215626772366, 218.19275033082624, 227.9454722480851, 223.14215626772366, 221.02228433872716, 219.61225770883354, 218.08556454409754, 218.07926611497695, 217.99742580691444, 217.99742580691444], "T": [230.9401076758503, 230.89328568544514, 229.4428063092585, 227.7688128715762, 227.11555164950622, 226.19037825389637, 225.67280771407792, 225.14647859176333, 227.0852774066055, 225.14647859176333, 229.4258499667081, 227.0852774066055, 226.13540204018494, 225.66378128694612, 225.10749174713982, 225.09949058687525, 224.9954836723078, 224.9954836723078], "N": [0.0, 0.03528224013242591, 1.7266118250003515, 4.126910279500304, 5.069200373804721, 6.566318291650541, 7.8005232839297864, 8.83860205684651, 5.082571453548414, 8.8386020568465, 1.7210640066434901, 5.082571453548414, 6.574408433784589, 7.850258456219986, 8.917415702962495, 8.906600315186065, 8.77340660242509, 8.77340660242509]}}, "currents": {"0": {"R": [0, 0.0, 0.0, 0.0, 0.0, 0.0, 0.0, 0.0, 0.0, 0.0, 51.051780801610704, 66.22809960575921, 72.17766613320373, 86.59563170711534, 11.467257022524235, 0.0, 105.87699145991688, 0.0], "S": [0, 0.0, 0.0, 0.0, 0.0, 0.0, 0.0, 0.0, 0.0, 0.0, 35.73160867863116, 29.825881089629846, 61.57567709891154, 38.70142581925019, 184.2888887478755, 0.0, 36.55127877166579, 0.0], "T": [0, 0.0, 0.0, 0.0, 0.0, 0.0, 0.0, 0.0, 0.0, 0.0, 27.739630387840673, 28.423935582290092, 53.413871292290224, 13.720117185638964, 49.85144976665295, 0.0, 33.63306090070106, 0.0], "N": [0, 0.0, 0.0, 0.0, 0.0, 0.0, 0.0, 0.0, 0.0, 0.0, 36.18122806922964, 39.77324947952598, 15.075567939256404, 62.35202548800613, 156.54676780308148, 0.0, 85.25453937003884, 0.0]},