{"1": {"R1": [0.333, 0.333, 0.333], "R11": [0.333, 0.333, 0.333], "R15": [0.333, 0.333, 0.333], "R16": [0.333, 0.333, 0.333], "R17": [0.333, 0.333, 0.333], "R18": [0.333, 0.333, 0.333], "I2": [0.333, 0.333, 0.333], "C1": [0.333, 0.333, 0.333], "C12": [0.333, 0.333, 0.333], "C13": [0.333, 0.333, 0.333], "C14": [0.333, 0.333, 0.333], "C17": [0.333, 0.333, 0.333], "C18": [0.333, 0.333, 0.333], "C19": [0.333, 0.333, 0.333], "C20": [0.333, 0.333, 0.333]}, "2": {"R1": [0.0, 0.0, 1.0], "R11": [0.0, 0.2, 0.8], "R15": [0.2, 0.0, 0.8], "R16": [0.2, 0.2, 0.6000000000000001], "R17": [0.3, 0.1, 0.6], "R18": [0.1, 0.3, 0.6000000000000001], "I2": [0.0, 0.2, 0.8], "C1": [0.3, 0.3, 0.39999999999999997], "C12": [0.0, 0.2, 0.8], "C13": [0.1, 0.1, 0.8], "C14": [0.0, 0.0, 1.0], "C17": [0.3, 0.2, 0.49999999999999994], "C18": [0.1, 0.0, 0.9], "C19": [0.3, 0.1, 0.6], "C20": [0.3, 0.1, 0.6]}, "3": {"R1": [0.7, 0.1, 0.20000000000000004], "R11": [0.7, 0.2, 0.10000000000000003], "R15": [0.7, 0.1, 0.20000000000000004], "R16": [0.7, 0.0, 0.30000000000000004], "R17": [0.7, 0.0, 0.30000000000000004], "R18": [0.7, 0.1, 0.20000000000000004], "I2": [0.7, 0.1, 0.20000000000000004], "C1": [0.7, 0.0, 0.30000000000000004], "C12": [0.7, 0.2, 0.10000000000000003], "C13": [0.7, 0.1, 0.20000000000000004], "C14": [0.7, 0.0, 0.30000000000000004], "C17": [0.7, 0.2, 0.10000000000000003], "C18": [0.7, 0.0, 0.30000000000000004], "C19": [0.7, 0.1, 0.20000000000000004], "C20": [0.7, 0.2, 0.10000000000000003]}, "4": {"R1": [0.333, 0.333, 0.333], "R11": [0.333, 0.333, 0.333], "R15": [0.333, 0.333, 0.333], "R16": [0.333, 0.333, 0.333], "R17": [0.333, 0.333, 0.333], "R18": [0.333, 0.333, 0.333], "I2": [0.333, 0.333, 0.333], "C1": [0.333, 0.333, 0.333], "C12": [0.333, 0.333, 0.333], "C13": [0.333, 0.333, 0.333], "C14": [0.333, 0.333, 0.333], "C17": [0.333, 0.333, 0.333], "C18": [0.333, 0.333, 0.333], "C19": [0.333, 0.333, 0.333], "C20": [0.333, 0.333, 0.333]}, "5": {"R1": [0.1, 0.0, 0.9], "R11": [0.1, 0.0, 0.9], "R15": [0.0, 0.2, 0.8], "R16": [0.2, 0.0, 0.8], "R17": [0.3, 0.2, 0.49999999999999994], "R18": [0.3, 0.0, 0.7], "I2": [0.3, 0.0, 0.7], "C1": [0.3, 0.1, 0.6], "C12": [0.3, 0.2, 0.49999999999999994], "C13": [0.2, 0.2, 0.6000000000000001], "C14": [0.3, 0.0, 0.7], "C17": [0.3, 0.3, 0.39999999999999997], "C18": [0.2, 0.2, 0.6000000000000001], "C19": [0.1, 0.0, 0.9], "C20": [0.1, 0.2, 0.7]}, "6": {"R1": [0.7, 0.2, 0.10000000000000003], "R11": [0.7, 0.1, 0.20000000000000004], "R15": [0.7, 0.1, 0.20000000000000004], "R16": [0.7, 0.1, 0.20000000000000004], "R17": [0.7, 0.2, 0.10000000000000003], "R18": [0.7, 0.0, 0.30000000000000004], "I2": [0.7, 0.0, 0.30000000000000004], "C1": [0.7, 0.0, 0.30000000000000004], "C12": [0.7, 0.1, 0.20000000000000004], "C13": [0.7, 0.1, 0.20000000000000004], "C14": [0.7, 0.2, 0.10000000000000003], "C17": [0.7, 0.0, 0.30000000000000004], "C18": [0.7, 0.0, 0.30000000000000004], "C19": [0.7, 0.2, 0.10000000000000003], "C20": [0.7, 0.0, 0.30000000000000004]}, "7": {"R1": [0.333, 0.333, 0.333], "R11": [0.333, 0.333, 0.333], "R15": [0.333, 0.333, 0.333], "R16": [0.333, 0.333, 0.333], "R17": [0.333, 0.333, 0.333], "R18": [0.333, 0.333, 0.333], "I2": [0.333, 0.333, 0.333], "C1": [0.333, 0.333, 0.333], "C12": [0.333, 0.333, 0.333], "C13": [0.333, 0.333, 0.333], "C14": [0.333, 0.333, 0.333], "C17": [0.333, 0.333, 0.333], "C18": [0.333, 0.333, 0.333], "C19": [0.333, 0.333, 0.333], "C20": [0.333, 0.333, 0.333]}, "8": {"R1": [0.1, 0.3, 0.6000000000000001], "R11": [0.2, 0.0, 0.8], "R15": [0.3, 0.3, 0.39999999999999997], "R16": [0.0, 0.2, 0.8], "R17": [0.1, 0.2, 0.7], "R18": [0.2, 0.2, 0.6000000000000001], "I2": [0.2, 0.2, 0.6000000000000001], "C1": [0.0, 0.3, 0.7], "C12": [0.2, 0.2, 0.6000000000000001], "C13": [0.3, 0.2, 0.49999999999999994], "C14": [0.2, 0.2, 0.6000000000000001], "C17": [0.0, 0.3, 0.7], "C18": [0.0, 0.2, 0.8], "C19": [0.1, 0.2, 0.7], "C20": [0.2, 0.0, 0.8]}, "9": {"R1": [0.7, 0.1, 0.20000000000000004], "R11": [0.7, 0.0, 0.30000000000000004], "R15": [0.7, 0.0, 0.30000000000000004], "R16": [0.7, 0.0, 0.30000000000000004], "R17": [0.7, 0.1, 0.20000000000000004], "R18": [0.7, 0.2, 0.10000000000000003], "I2": [0.7, 0.2, 0.10000000000000003], "C1": [0.7, 0.2, 0.10000000000000003], "C12": [0.7, 0.1, 0.20000000000000004], "C13": [0.7, 0.0, 0.30000000000000004], "C14": [0.7, 0.1, 0.20000000000000004], "C17": [0.7, 0.2, 0.10000000000000003], "C18": [0.7, 0.2, 0.10000000000000003], "C19": [0.7, 0.0, 0.30000000000000004], "C20": [0.7, 0.2, 0.10000000000000003]}, "10": {"R1": [0.333, 0.333, 0.333], "R11": [0.333, 0.333, 0.333], "R15": [0.333, 0.333, 0.333], "R16": [0.333, 0.333, 0.333], "R17": [0.333, 0.333, 0.333], "R18": [0.333, 0.333, 0.333], "I2": [0.333, 0.333, 0.333], "C1": [0.333, 0.333, 0.333], "C12": [0.333, 0.333, 0.333], "C13": [0.333, 0.333, 0.333], "C14": [0.333, 0.333, 0.333], "C17": [0.333, 0.333, 0.333], "C18": [0.333, 0.333, 0.333], "C19": [0.333, 0.333, 0.333], "C20": [0.333, 0.333, 0.333]}, "11": {"R1": [0.2, 0.1, 0.7000000000000001], "R11": [0.3, 0.1, 0.6], "R15": [0.1, 0.2, 0.7], "R16": [0.1, 0.3, 0.6000000000000001], "R17": [0.3, 0.1, 0.6], "R18": [0.0, 0.0, 1.0], "I2": [0.2, 0.2, 0.6000000000000001], "C1": [0.1, 0.2, 0.7], "C12": [0.2, 0.1, 0.7000000000000001], "C13": [0.0, 0.3, 0.7], "C14": [0.0, 0.3, 0.7], "C17": [0.0, 0.0, 1.0], "C18": [0.2, 0.1, 0.7000000000000001], "C19": [0.0, 0.0, 1.0], "C20": [0.2, 0.0, 0.8]}, "12": {"R1": [0.7, 0.2, 0.10000000000000003], "R11": [0.7, 0.0, 0.30000000000000004], "R15": [0.7, 0.2, 0.10000000000000003], "R16": [0.7, 0.1, 0.20000000000000004], "R17": [0.7, 0.0, 0.30000000000000004], "R18": [0.7, 0.1, 0.20000000000000004], "I2": [0.7, 0.0, 0.30000000000000004], "C1": [0.7, 0.0, 0.30000000000000004], "C12": [0.7, 0.2, 0.10000000000000003], "C13": [0.7, 0.0, 0.30000000000000004], "C14": [0.7, 0.2, 0.10000000000000003], "C17": [0.7, 0.0, 0.30000000000000004], "C18": [0.7, 0.2, 0.10000000000000003], "C19": [0.7, 0.2, 0.10000000000000003], "C20": [0.7, 0.2, 0.10000000000000003]}, "13": {"R1": [0.333, 0.333, 0.333], "R11": [0.333, 0.333, 0.333], "R15": [0.333, 0.333, 0.333], "R16": [0.333, 0.333, 0.333], "R17": [0.333, 0.333, 0.333], "R18": [0.333, 0.333, 0.333], "I2": [0.333, 0.333, 0.333], "C1": [0.333, 0.333, 0.333], "C12": [0.333, 0.333, 0.333], "C13": [0.333, 0.333, 0.333], "C14": [0.333, 0.333, 0.333], "C17": [0.333, 0.333, 0.333], "C18": [0.333, 0.333, 0.333], "C19": [0.333, 0.333, 0.333], "C20": [0.333, 0.333, 0.333]}, "14": {"R1": [0.0, 0.0, 1.0], "R11": [0.1, 0.0, 0.9], "R15": [0.2, 0.1, 0.7000000000000001], "R16": [0.3, 0.3, 0.39999999999999997], "R17": [0.3, 0.2, 0.49999999999999994], "R18": [0.1, 0.2, 0.7], "I2": [0.3, 0.1, 0.6], "C1": [0.1, 0.1, 0.8], "C12": [0.1, 0.3, 0.6000000000000001], "C13": [0.3, 0.1, 0.6], "C14": [0.1, 0.2, 0.7], "C17": [0.2, 0.1, 0.7000000000000001], "C18": [0.0, 0.1, 0.9], "C19": [0.3, 0.1, 0.6], "C20": [0.2, 0.3, 0.5]}, "15": {"R1": [0.7, 0.0, 0.30000000000000004], "R11": [0.7, 0.1, 0.20000000000000004], "R15": [0.7, 0.2, 0.10000000000000003], "R16": [0.7, 0.1, 0.20000000000000004], "R17": [0.7, 0.1, 0.20000000000000004], "R18": [0.7, 0.0, 0.30000000000000004], "I2": [0.7, 0.2, 0.10000000000000003], "C1": [0.7, 0.0, 0.30000000000000004], "C12": [0.7, 0.1, 0.20000000000000004], "C13": [0.7, 0.0, 0.30000000000000004], "C14": [0.7, 0.0, 0.30000000000000004], "C17": [0.7, 0.0, 0.30000000000000004], "C18": [0.7, 0.2, 0.10000000000000003], "C19": [0.7, 0.0, 0.30000000000000004], "C20": [0.7, 0.1, 0.20000000000000004]}, "16": {"R1": [0.333, 0.333, 0.333], "R11": [0.333, 0.333, 0.333], "R15": [0.333, 0.333, 0.333], "R16": [0.333, 0.333, 0.333], "R17": [0.333, 0.333, 0.333], "R18": [0.333, 0.333, 0.333], "I2": [0.333, 0.333, 0.333], "C1": [0.333, 0.333, 0.333], "C12": [0.333, 0.333, 0.333], "C13": [0.333, 0.333, 0.333], "C14": [0.333, 0.333, 0.333], "C17": [0.333, 0.333, 0.333], "C18": [0.333, 0.333, 0.333], "C19": [0.333, 0.333, 0.333], "C20": [0.333, 0.333, 0.333]}, "17": {"R1": [0.1, 0.1, 0.8],