{"1": {"type": {"name": "both", "imbalance": "high", "r_earthing": null}, "n_iterations": 3, "condition": 3515136.7862235373, "residuals": [22.949672970950807, 1.2427064120856812e-05, 4.8241171429134704e-08], "elapsed_time": 21.79128932952881, "tol": 1e-05, "converge": true}, "2": {"type": {"name": "both", "imbalance": "high", "r_earthing": 2}, "n_iterations": 3, "condition": 3515125.3137401356, "residuals": [22.949672970950807, 1.2416711797413882e-05, 5.4277182882582426e-08], "elapsed_time": 16.869929790496826, "tol": 1e-05, "converge": true}, "3": {"type": {"name": "both", "imbalance": "high", "r_earthing": 40}, "n_iterations": 3, "condition": 3515136.213134526, "residuals": [22.949672970950807, 1.242655025635031e-05, 6.145090650347927e-08], "elapsed_time": 20.855241060256958, "tol": 1e-05, "converge": true}}