{"1": {"type": {"name": "consumption", "imbalance": null, "r_earthing": 2}, "n_iterations": 5, "condition": 510194.44846765616, "residuals": [282.28682155257366, 84.03646139301111, 0.0020637029029870746, 8.183845602616202e-05, 9.907307685352862e-08], "elapsed_time": 0.17354226112365723, "tol": 1e-05, "converge": true}, "2": {"type": {"name": "consumption", "imbalance": "low", "r_earthing": 2}, "n_iterations": 7, "condition": 1234999.613382045, "residuals": [847.7081728301168, 3573.9107496620527, 39.03100567508227, 40.72322321696993, 0.15366390626877546, 0.03454751253593713, 7.295639079529792e-07], "elapsed_time": 0.2206742763519287, "tol": 1e-05, "converge": true}, "3": {"type": {"name": "consumption", "imbalance": "high", "r_earthing": 2}, "n_iterations": 7, "condition": 2002467.2639849286, "residuals": [575.9068935166829, 2641.368331122064, 24.958603259906823, 19.791737020379088, 0.0050050225552809025, 0.0010269716984225852, 1.0874593441529074e-07], "elapsed_time": 0.2400507926940918, "tol": 1e-05, "converge": true}, "4": {"type": {"name": "consumption", "imbalance": null, "r_earthing": 40}, "n_iterations": 5, "condition": 537358.0514419662, "residuals": [282.28682155257366, 84.86642640059253, 0.002068207470635741, 0.00011923935134205976, 8.768939773352002e-08], "elapsed_time": 0.3023848533630371, "tol": 1e-05, "converge": true}, "5": {"type": {"name": "consumption", "imbalance": "low", "r_earthing": 40}, "n_iterations": 8, "condition": 2421522.124230964, "residuals": [762.9373555471268, 4490.469416184023, 121.70058108396188, 184.74234535610594, 1.1980850687032216, 0.49751239828037797, 4.0427898056805134e-05, 3.567532985471189e-06], "elapsed_time": 0.27165746688842773, "tol": 1e-05, "converge": true}, "6": {"type": {"name": "consumption", "imbalance": "high", "r_earthing": 40}, "n_iterations": 7, "condition": 1618983.2675462165, "residuals": [575.9068935166829, 2898.668274783519, 30.75180270297423, 37.44254581748862, 0.040176288545254124, 0.01438108366517099, 1.021544449031353e-07], "elapsed_time": 0.23504996299743652, "tol": 1e-05, "converge": true}, "7": {"type": {"name": "consumption", "imbalance": null, "r_earthing": null}, "n_iterations": 5, "condition": 538908.5289308662, "residuals": [282.28682155257366, 84.92363492782927, 0.0020719755336529033, 0.0001209950374914115, 1.390869935347049e-07], "elapsed_time": 0.16611623764038086, "tol": 1e-05, "converge": true}, "8": {"type": {"name": "consumption", "imbalance": "low", "r_earthing": null}, "n_iterations": 7, "condition": 1259644.8300783893, "residuals": [508.62490369815697, 1247.8913753669622, 4.574333182465125, 5.22186918200714, 0.00037782335675728973, 0.00012890208927274216, 1.2987584341317415e-07], "elapsed_time": 0.22343969345092773, "tol": 1e-05, "converge": true}, "9": {"type": {"name": "consumption", "imbalance": "high", "r_earthing": null}, "n_iterations": 7, "condition": 1297055.979700763, "residuals": [575.9068935166829, 2846.8290091493827, 32.63264954129533, 40.12426176979232, 0.05298716244658053, 0.019785578786328806, 1.788503141142428e-07], "elapsed_time": 0.45932650566101074, "tol": 1e-05, "converge": true}, "10": {"type": {"name": "generation", "imbalance": null, "r_earthing": 2}, "n_iterations": 5, "condition": 549646.5081341197, "residuals": [282.2868215521396, 64.2782662846095, 0.0005056946754606884, 1.9881941625499167e-05, 1.010121195577085e-07], "elapsed_time": 0.17175006866455078, "tol": 1e-05, "converge": true}, "11": {"type": {"name": "generation", "imbalance": "low", "r_earthing": 2}, "n_iterations": 5, "condition": 1078218.2290914613, "residuals": [593.3957209807129, 1412.7384815530095, 0.25506049229443306, 0.18386751415528124, 1.7630627582516897e-07], "elapsed_time": 0.16289639472961426, "tol": 1e-05, "converge": true}, "12": {"type": {"name": "generation", "imbalance": "high", "r_earthing": 2}, "n_iterations": 5, "condition": 1404198.7194320702, "residuals": [575.9068935166204, 1131.2828157102372, 0.15584316010591692, 0.15231723638402173, 1.0183794074691832e-07], "elapsed_time": 0.1856846809387207, "tol": 1e-05, "converge": true}, "13": {"type": {"name": "generation", "imbalance": null, "r_earthing": 40}, "n_iterations": 5, "condition": 573636.7402635526, "residuals": [282.2868215521396, 64.73589543540211, 0.0005049918658386332, 2.6965299184666947e-05, 9.053474059328437e-08], "elapsed_time": 0.2039029598236084, "tol": 1e-05, "converge": true}, "14": {"type": {"name": "generation", "imbalance": "low", "r_earthing": 40}, "n_iterations": 5, "condition": 1385885.9725262555, "residuals": [847.7081728298386, 1005.7519152446403, 0.09496406615289743, 0.10201123193837702, 1.681328285485506e-07], "elapsed_time": 0.16141104698181152, "tol": 1e-05, "converge": true}, "15": {"type": {"name": "generation", "imbalance": "high", "r_earthing": 40}, "n_iterations": 5, "condition": 2375437.260554668, "residuals": [575.9068935166204, 1192.7030009061864, 0.1798949459059429, 0.2102060384626725, 9.804352885112166e-08], "elapsed_time": 0.15812039375305176, "tol": 1e-05, "converge": true}, "16": {"type": {"name": "generation", "imbalance": null, "r_earthing": null}, "n_iterations": 5, "condition": 574992.9179700701, "residuals": [282.2868215521396, 64.76846374734532, 0.0005057679586073505, 2.7354714802640956e-05, 8.85868030042758e-08], "elapsed_time": 0.17815446853637695, "tol": 1e-05, "converge": true}, "17": {"type": {"name": "generation", "imbalance": "low", "r_earthing": null}, "n_iterations": 5, "condition": 1173784.0447536316, "residuals": [678.1665382637028, 1690.9909870929187, 0.32144176105066435, 0.3624686245020712, 7.909976583048973e-08], "elapsed_time": 0.16457080841064453, "tol": 1e-05, "converge": true}, "18": {"type": {"name": "both", "imbalance": null, "r_earthing": 2}, "n_iterations": 4, "condition": 846008.968569416, "residuals": [282.28682155257366, 55.04976524126732, 0.00013661461707670242, 8.01250098447781e-06], "elapsed_time": 0.3281433582305908, "tol": 1e-05, "converge": true}, "19": {"type": {"name": "both", "imbalance": "low", "r_earthing": 2}, "n_iterations": 5, "condition": 2259617.8080440457, "residuals": [593.395720981147, 317.55282782351424, 0.008359627972822636, 0.006804450717027066, 1.1401439964996595e-07], "elapsed_time": 0.16482996940612793, "tol": 1e-05, "converge": true}, "20": {"type": {"name": "both", "imbalance": "high", "r_earthing": 2}, "n_iterations": 5, "condition": 5348884.563183254, "residuals": [575.9068935166829, 1531.7967635572447, 0.558161462065641, 0.5834333521711415, 2.755745072136051e-07], "elapsed_time": 0.17052030563354492, "tol": 1e-05, "converge": true}, "21": {"type": {"name": "both", "imbalance": null, "r_earthing": 40}, "n_iterations": 4, "condition": 853298.2480221601, "residuals": [282.28682155257366, 55.22801098091114, 0.0001342234063486103, 8.26535870146472e-06], "elapsed_time": 0.1854541301727295, "tol": 1e-05, "converge": true}, "22": {"type": {"name": "both", "imbalance": "low", "r_earthing": 40}, "n_iterations": 7, "condition": 5929068.242505824, "residuals": [593.395720981147, 4308.466426778919, 6.2194305096782045, 6.728876530658454, 0.00015223358059301972, 4.323227040003985e-05, 8.305280773872962e-08], "elapsed_time": 0.21136212348937988, "tol": 1e-05, "converge": true}, "23": {"type": {"name": "both", "imbalance": "high", "r_earthing": 40}, "n_iterations": 5, "condition": 2076521.581205862, "residuals": [575.9068935166829, 1603.427748464564, 0.46123755769849595, 0.5120587081532904, 3.08449671138078e-07], "elapsed_time": 0.1674351692199707, "tol": 1e-05, "converge": true}, "24": {"type": {"name": "both", "imbalance": null, "r_earthing": null}, "n_iterations": 4, "condition": 853572.5737139472, "residuals": [282.28682155257366, 55.238165556045686, 0.00013410872634267434, 8.271166734630242e-06], "elapsed_time": 0.14287638664245605, "tol": 1e-05, "converge": true}, "25": {"type": {"name": "both", "imbalance": "low", "r_earthing": null}, "n_iterations": 5, "condition": 2043058.303893276,