{"1": {"type": {"name": "consumption", "imbalance": null, "r_earthing": 2}, "n_iterations": 7, "condition": 510194.448493006, "residuals": [11516.009599639487, 11516.00959963936, 21.935606701541968, 16.97440970665415, 0.12219618547958966, 0.030556743186318513, 1.3951170210191322e-06], "elapsed_time": 0.3640413284301758, "tol": 0.0001, "converge": true}, "2": {"type": {"name": "consumption", "imbalance": "low", "r_earthing": 2}, "n_iterations": 7, "condition": 595110.0389460372, "residuals": [11516.009599639487, 11687.374190998122, 20.210743599801454, 17.938948203835498, 0.1065059642302959, 0.03433851433871382, 1.0592344779070118e-06], "elapsed_time": 0.3745245933532715, "tol": 0.0001, "converge": true}, "3": {"type": {"name": "consumption", "imbalance": "high", "r_earthing": 2}, "n_iterations": 7, "condition": 1752523.5577041816, "residuals": [11516.009599639487, 11692.843061375434, 14.82269461159268, 22.712984888000975, 0.06428634799499378, 0.050796715255032154, 2.1200714854785474e-06], "elapsed_time": 0.41306328773498535, "tol": 0.0001, "converge": true}, "4": {"type": {"name": "consumption", "imbalance": null, "r_earthing": 40}, "n_iterations": 7, "condition": 537358.0519961203, "residuals": [11516.009599639487, 11516.009599639261, 35.128168347788545, 19.38328300839482, 0.2136692699239635, 0.04556148504299529, 4.911583445732504e-06], "elapsed_time": 0.600151777267456, "tol": 0.0001, "converge": true}, "5": {"type": {"name": "consumption", "imbalance": "low", "r_earthing": 40}, "n_iterations": 7, "condition": 579299.9697886162, "residuals": [11516.009599639487, 11600.780416922355, 32.96884196184695, 21.492019677717963, 0.20902558898178825, 0.061365404176427774, 6.433147426321284e-06], "elapsed_time": 0.3093738555908203, "tol": 0.0001, "converge": true}, "6": {"type": {"name": "consumption", "imbalance": "high", "r_earthing": 40}, "n_iterations": 7, "condition": 1384049.5759457753, "residuals": [11516.009599639487, 11479.093061375432, 37.18724205143105, 31.923057571039152, 0.34992551338879707, 0.1510948743652918, 4.4072348432955266e-05], "elapsed_time": 0.2750589847564697, "tol": 0.0001, "converge": true}, "7": {"type": {"name": "consumption", "imbalance": null, "r_earthing": null}, "n_iterations": 7, "condition": 538908.5295168342, "residuals": [11516.009599639487, 11516.009599639345, 35.75202403391928, 19.41536912089, 0.22005969027298988, 0.045975872943433416, 5.809863411698757e-06], "elapsed_time": 0.2890126705169678, "tol": 0.0001, "converge": true}, "8": {"type": {"name": "consumption", "imbalance": "low", "r_earthing": null}, "n_iterations": 7, "condition": 574336.9543118424, "residuals": [11516.009599639487, 11544.874190997796, 32.217283024854545, 21.054819865014128, 0.2142874517531297, 0.06264517683084136, 6.108932612214346e-06], "elapsed_time": 0.27486109733581543, "tol": 0.0001, "converge": true}, "9": {"type": {"name": "consumption", "imbalance": "high", "r_earthing": null}, "n_iterations": 7, "condition": 1126466.3845328612, "residuals": [11516.009599639487, 11457.757708077152, 37.11411977305733, 29.038971148177126, 0.3614922339299653, 0.16896310688697724, 6.659676192910524e-05], "elapsed_time": 0.2656288146972656, "tol": 0.0001, "converge": true}, "10": {"type": {"name": "generation", "imbalance": null, "r_earthing": 2}, "n_iterations": 7, "condition": 549646.5081464467, "residuals": [11516.009599639487, 11516.009599639443, 14.737003172095037, 16.646655873371415, 0.047855380102854284, 0.023431719435039966, 1.3695399836421984e-07], "elapsed_time": 0.3331031799316406, "tol": 0.0001, "converge": true}, "11": {"type": {"name": "generation", "imbalance": "low", "r_earthing": 2}, "n_iterations": 7, "condition": 594684.7543394753, "residuals": [11516.009599639487, 11431.238782356431, 15.578705896043036, 14.246163139364826, 0.04531613085372577, 0.01686183198318325, 1.2274144367552253e-07], "elapsed_time": 0.557257890701294, "tol": 0.0001, "converge": true}, "12": {"type": {"name": "generation", "imbalance": "high", "r_earthing": 2}, "n_iterations": 7, "condition": 1157922.935025039, "residuals": [11516.009599639487, 11598.45373452357, 23.64605201024459, 10.562024212544955, 0.04474941973643354, 0.010944023519093626, 1.0446224507631996e-07], "elapsed_time": 0.27089357376098633, "tol": 0.0001, "converge": true}, "13": {"type": {"name": "generation", "imbalance": null, "r_earthing": 40}, "n_iterations": 7, "condition": 573636.7403310465, "residuals": [11516.009599639487, 11516.009599639438, 22.228411741063333, 22.868630286947436, 0.07285555882560146, 0.044186518606405656, 6.180502740704696e-07], "elapsed_time": 0.44186878204345703, "tol": 0.0001, "converge": true}, "14": {"type": {"name": "generation", "imbalance": "low", "r_earthing": 40}, "n_iterations": 7, "condition": 598019.5948795133, "residuals": [11516.009599639487, 11502.488782356275, 22.22881005083123, 23.607906339788073, 0.07313831030888629, 0.04525617984609198, 5.763516810475267e-07], "elapsed_time": 0.2536451816558838, "tol": 0.0001, "converge": true}, "15": {"type": {"name": "generation", "imbalance": "high", "r_earthing": 40}, "n_iterations": 7, "condition": 994608.5788484918, "residuals": [11516.009599639487, 11695.426137903258, 25.6604688134922, 19.416432943681812, 0.09208007890941872, 0.03817372329530233, 1.0243042503077504e-06], "elapsed_time": 0.3854641914367676, "tol": 0.0001, "converge": true}, "16": {"type": {"name": "generation", "imbalance": null, "r_earthing": null}, "n_iterations": 7, "condition": 574992.9180441055, "residuals": [11516.009599639487, 11516.00959963933, 22.678703375968304, 23.04624561809081, 0.0745468883354441, 0.045221050390544804, 7.265960544344807e-07], "elapsed_time": 0.44606733322143555, "tol": 0.0001, "converge": true}, "17": {"type": {"name": "generation", "imbalance": "low", "r_earthing": null}, "n_iterations": 7, "condition": 608703.92872116, "residuals": [11516.009599639487, 11431.238782356555, 22.859152686120634, 19.394978505992334, 0.06803743382964811, 0.029467161196407687, 5.329566903355953e-07], "elapsed_time": 0.26131439208984375, "tol": 0.0001, "converge": true}, "18": {"type": {"name": "both", "imbalance": null, "r_earthing": 2}, "n_iterations": 7, "condition": 846008.9685766528, "residuals": [11516.009599639487, 11516.009599639448, 17.049832080305613, 16.601381091378716, 0.006412198975728423, 0.003010105989209144, 4.845280621168513e-09], "elapsed_time": 0.27767038345336914, "tol": 0.0001, "converge": true}, "19": {"type": {"name": "both", "imbalance": "low", "r_earthing": 2}, "n_iterations": 7, "condition": 915465.9031062389, "residuals": [11516.009599639487, 11529.530416922456, 17.24671728938876, 15.471694681499795, 0.006219824759071457, 0.003564182300074492, 5.021228766111108e-09], "elapsed_time": 0.27289652824401855, "tol": 0.0001, "converge": true}, "20": {"type": {"name": "both", "imbalance": "high", "r_earthing": 2}, "n_iterations": 7, "condition": 2159154.9001215645, "residuals": [11516.009599639487, 11498.257708077075, 18.974528756740128, 16.251246902879174, 0.009397942306151208, 0.005688467586317358, 1.3522074127081396e-08], "elapsed_time": 0.27184271812438965, "tol": 0.0001, "converge": true}, "21": {"type": {"name": "both", "imbalance": null, "r_earthing": 40}, "n_iterations": 7, "condition": 853298.2480347313, "residuals": [11516.009599639487, 11516.009599639487, 27.088878453515576, 21.87396464978768, 0.023058151534725013, 0.007885530403997976, 6.00104259618206e-08], "elapsed_time": 0.27498865127563477, "tol": 0.0001, "converge": true}, "22": {"type": {"name": "both", "imbalance": "low", "r_earthing": 40}, "n_iterations": 7, "condition": 898642.228536422, "residuals": [11516.009599639487, 11600.780416922316, 25.483424082479303, 19.19547936359203, 0.02240513807804323, 0.007996257504061965, 5.929890090072831e-08], "elapsed_time": 0.4766373634338379, "tol": 0.0001, "converge": true}, "23": {"type": {"name": "both", "imbalance": "high", "r_earthing": 40}, "n_iterations": 7, "condition": 2127072.7898003114,