{"1": {"type": {"name": "consumption", "imbalance": null, "r_earthing": 2}, "n_iterations": 5, "condition": 78468.01131321347, "residuals": [63270.0, 1260.1729186722173, 6.536976807603764, 0.0002522266957569741, 2.958415734610753e-10], "elapsed_time": 3.489067554473877, "tol": 0.0001, "converge": true}, "2": {"type": {"name": "consumption", "imbalance": "low", "r_earthing": 2}, "n_iterations": 5, "condition": 78491.39619236109, "residuals": [85500.0, 1505.3375162395132, 14.733328656766389, 0.0028695737000816735, 3.6632741284847725e-10], "elapsed_time": 3.3439877033233643, "tol": 0.0001, "converge": true}, "3": {"type": {"name": "consumption", "imbalance": "high", "r_earthing": 2}, "n_iterations": 5, "condition": 78618.35779607117, "residuals": [114000.0, 4123.369094775064, 217.3607992772531, 0.7034651334908517, 9.402236031519351e-06], "elapsed_time": 2.867645263671875, "tol": 0.0001, "converge": true}, "4": {"type": {"name": "consumption", "imbalance": null, "r_earthing": 40}, "n_iterations": 5, "condition": 84822.92766882539, "residuals": [63270.0, 1262.3713140824225, 6.6804627792556275, 0.00027122314954652893, 2.360884820973297e-10], "elapsed_time": 2.7645161151885986, "tol": 0.0001, "converge": true}, "5": {"type": {"name": "consumption", "imbalance": "low", "r_earthing": 40}, "n_iterations": 5, "condition": 84835.14045897804, "residuals": [76000.0, 2265.922361432178, 35.87706573254036, 0.011223169516597409, 1.1350493878126144e-09], "elapsed_time": 2.621934413909912, "tol": 0.0001, "converge": true}, "6": {"type": {"name": "consumption", "imbalance": "high", "r_earthing": 40}, "n_iterations": 5, "condition": 84912.09392903077, "residuals": [114000.0, 5702.214089831937, 156.1344381625159, 0.8246903339374434, 2.8920650905206458e-05], "elapsed_time": 2.7195072174072266, "tol": 0.0001, "converge": true}, "7": {"type": {"name": "consumption", "imbalance": null, "r_earthing": null}, "n_iterations": 5, "condition": 85039.0804609711, "residuals": [63270.0, 1262.4936391882923, 6.690036239925675, 0.0002725503446328048, 2.1543655748246238e-10], "elapsed_time": 3.036250114440918, "tol": 0.0001, "converge": true}, "8": {"type": {"name": "consumption", "imbalance": "low", "r_earthing": null}, "n_iterations": 5, "condition": 85049.631565767, "residuals": [66500.0, 3675.2787535897514, 31.297908432694385, 0.003039213966985699, 2.689617417672707e-10], "elapsed_time": 2.865410566329956, "tol": 0.0001, "converge": true}, "9": {"type": {"name": "consumption", "imbalance": "high", "r_earthing": null}, "n_iterations": 6, "condition": 85168.03156417618, "residuals": [123500.0, 7044.0742515555685, 420.08661793172314, 3.489327062175306, 0.00020645150729592388, 1.780193770173355e-10], "elapsed_time": 3.0930583477020264, "tol": 0.0001, "converge": true}, "10": {"type": {"name": "generation", "imbalance": null, "r_earthing": 2}, "n_iterations": 4, "condition": 78466.29356872603, "residuals": [63270.0, 1260.1729186722248, 3.7991258804057253, 4.672579421338696e-05], "elapsed_time": 2.2398200035095215, "tol": 0.0001, "converge": true}, "11": {"type": {"name": "generation", "imbalance": "low", "r_earthing": 2}, "n_iterations": 4, "condition": 78475.09889890547, "residuals": [76000.0, 1505.337516239521, 3.7910909595084377, 5.521135881281225e-05], "elapsed_time": 2.3734567165374756, "tol": 0.0001, "converge": true}, "12": {"type": {"name": "generation", "imbalance": "high", "r_earthing": 2}, "n_iterations": 5, "condition": 78552.00393743586, "residuals": [114000.0, 4993.351791061144, 83.98184292519548, 0.025048685209227983, 1.9825421304631163e-09], "elapsed_time": 2.6356284618377686, "tol": 0.0001, "converge": true}, "13": {"type": {"name": "generation", "imbalance": null, "r_earthing": 40}, "n_iterations": 4, "condition": 84818.47336329997, "residuals": [63270.0, 1262.3713140824266, 3.859809879089198, 4.9040395012411864e-05], "elapsed_time": 2.172713279724121, "tol": 0.0001, "converge": true}, "14": {"type": {"name": "generation", "imbalance": "low", "r_earthing": 40}, "n_iterations": 5, "condition": 84816.56394093586, "residuals": [66500.0, 2675.845694098214, 8.806199366081273, 0.0002155967704311479, 2.495141870895168e-10], "elapsed_time": 2.7092666625976562, "tol": 0.0001, "converge": true}, "15": {"type": {"name": "generation", "imbalance": "high", "r_earthing": 40}, "n_iterations": 5, "condition": 84867.4560026815, "residuals": [114000.0, 4763.83032338614, 67.24722684246197, 0.01654440485972941, 9.083294116862817e-10], "elapsed_time": 2.732139825820923, "tol": 0.0001, "converge": true}, "16": {"type": {"name": "generation", "imbalance": null, "r_earthing": null}, "n_iterations": 4, "condition": 85034.0199723803, "residuals": [63270.0, 1262.4936391882964, 3.863789675796731, 4.9200093478418694e-05], "elapsed_time": 2.29343843460083, "tol": 0.0001, "converge": true}, "17": {"type": {"name": "generation", "imbalance": "low", "r_earthing": null}, "n_iterations": 5, "condition": 85042.6239291144, "residuals": [76000.0, 1511.9685614444222, 6.32072460998279, 0.0001498136462032562, 1.8485479813534766e-10], "elapsed_time": 2.598052501678467, "tol": 0.0001, "converge": true}, "18": {"type": {"name": "both", "imbalance": null, "r_earthing": 2}, "n_iterations": 4, "condition": 78465.10837587605, "residuals": [63270.0, 1260.1729186722173, 2.5040694766751415, 1.143071312981192e-05], "elapsed_time": 2.1854138374328613, "tol": 0.0001, "converge": true}, "19": {"type": {"name": "both", "imbalance": "low", "r_earthing": 2}, "n_iterations": 4, "condition": 78466.7468129414, "residuals": [66500.0, 1810.8179928610916, 5.802040189890249, 7.97413958935067e-05], "elapsed_time": 2.283585786819458, "tol": 0.0001, "converge": true}, "20": {"type": {"name": "both", "imbalance": "high", "r_earthing": 2}, "n_iterations": 5, "condition": 78510.61926704565, "residuals": [114000.0, 4601.4527854036105, 70.55549111815444, 0.018707473397398644, 1.2175576102890773e-09], "elapsed_time": 2.6270792484283447, "tol": 0.0001, "converge": true}, "21": {"type": {"name": "both", "imbalance": null, "r_earthing": 40}, "n_iterations": 4, "condition": 84816.02713311795, "residuals": [63270.0, 1262.3713140824225, 2.5226878693053436, 1.170950383766467e-05], "elapsed_time": 2.2150354385375977, "tol": 0.0001, "converge": true}, "22": {"type": {"name": "both", "imbalance": "low", "r_earthing": 40}, "n_iterations": 4, "condition": 84823.54187529732, "residuals": [76000.0, 1915.6401807092516, 5.689438545137818, 5.7449244195595384e-05], "elapsed_time": 2.15842342376709, "tol": 0.0001, "converge": true}, "23": {"type": {"name": "both", "imbalance": "high", "r_earthing": 40}, "n_iterations": 5, "condition": 84854.54816886228, "residuals": [95000.0, 4260.197209244116, 52.65527234907988, 0.009305030659561453, 2.6549074050308263e-10], "elapsed_time": 2.6553707122802734, "tol": 0.0001, "converge": true}, "24": {"type": {"name": "both", "imbalance": null, "r_earthing": null}, "n_iterations": 4, "condition": 85031.28592082557, "residuals": [63270.0, 1262.4936391882923, 2.523722434379181, 1.172526265236229e-05], "elapsed_time": 2.198288679122925, "tol": 0.0001, "converge": true}, "25": {"type": {"name": "both", "imbalance": "low", "r_earthing": null}, "n_iterations": 4, "condition": 85046.8723894698, "residuals": [76000.0, 1511.9685614444109, 3.670377722468345, 2.372511460180249e-05], "elapsed_time": 2.3135340213775635, "tol": 0.0001, "converge": true}, "26": {"type": {"name": "both", "imbalance": "high", "r_earthing": null}, "n_iterations": 5, "condition": 85103.50308924925, "residuals": [104500.00000000001, 6290.016482487141, 116.16379515524591, 0.053232307479902374, 1.090984369511716e-08], "elapsed_time": 2.8713934421539307, "tol": 0.0001, "converge": true}, "27": {"type": {"name": "generation", "imbalance": "high", "r_earthing": null}, "n_iterations": 5, "condition": 85090.47715758548, "residuals": [114000.0, 4560.588311126373, 74.38786355566972, 0.023169675265293677, 1.9864003775182937e-09], "elapsed_time": 2.6341605186462402,