{"1": {"type": {"name": "both", "imbalance": "high", "r_earthing": 2.0}, "n_iterations": 5, "condition": 1478611.0463207974, "residuals": [46817.20161060727, 8181454.644441953, 8247656.189529978, 1137425.4568750598, 83637.72087850189], "elapsed_time": 0.5074076652526855, "tol": 0.0001, "converge": true, "voltages": {"0": {"R": [230.94010767585033, 230.94010767585033, 230.94010767585033, 230.94010767585033, 230.94010767585033, 230.94010767585033, 230.94010767585033, 230.94010767585033, 230.94010767585033, 230.94010767585033, 230.94010767585033, 230.94010767585033, 230.94010767585033, 230.94010767585033, 230.94010767585033, 230.94010767585033, 230.94010767585033, 230.94010767585033, 230.94010767585033, 230.94010767585033], "S": [230.9401076758503, 230.9401076758503, 230.9401076758503, 230.9401076758503, 230.9401076758503, 230.9401076758503, 230.9401076758503, 230.9401076758503, 230.9401076758503, 230.9401076758503, 230.9401076758503, 230.9401076758503, 230.9401076758503, 230.9401076758503, 230.9401076758503, 230.9401076758503, 230.9401076758503, 230.9401076758503, 230.9401076758503, 230.9401076758503], "T": [230.9401076758503, 230.9401076758503, 230.9401076758503, 230.9401076758503, 230.9401076758503, 230.9401076758503, 230.9401076758503, 230.9401076758503, 230.9401076758503, 230.9401076758503, 230.9401076758503, 230.9401076758503, 230.9401076758503, 230.9401076758503, 230.9401076758503, 230.9401076758503, 230.9401076758503, 230.9401076758503, 230.9401076758503, 230.9401076758503], "N": [0, 0, 0, 0, 0, 0, 0, 0, 0, 0, 0, 0, 0, 0, 0, 0, 0, 0, 0, 0]}, "1": {"R": [230.94010767585033, 230.92732721135604, 230.76367481092396, 230.5640086899166, 230.93348826433174, 230.9133956407014, 230.7748903623954, 230.774890362395, 230.87866298358807, 230.26504366555105, 229.5021955509522, 229.50219555095248, 230.56400868991656, 230.77489036239496, 229.50219555095248, 230.56400868991662, 230.8829363360775, 230.7585012514532, 230.09499401721888, 229.41298952894456], "S": [230.9401076758503, 230.92470984612777, 230.72283964369316, 230.518121968486, 230.93430893401288, 230.91690439969796, 230.73892922844468, 230.73892922844482, 230.91393779962888, 229.72112300542585, 229.19505386926673, 229.1950538692663, 230.51812196848604, 230.73892922844485, 229.1950538692663, 230.51812196848638, 230.90632028402905, 230.7161695478236, 229.6603128331524, 229.11839391224711], "T": [230.9401076758503, 230.93623388093124, 230.88508754402093, 230.815903821206, 230.92886434213693, 230.89537931958466, 230.45681036655347, 230.4568103665533, 233.58892034686826, 299.4440415187307, 299.4671619544563, 299.46716195445646, 230.81590382120598, 230.45681036655327, 299.46716195445646, 230.8159038212053, 230.89853933830815, 230.40447442964017, 311.1491255283087, 299.4650109862159], "N": [0, 0.013459302353310205, 0.27573331638721144, 0.4563699081900767, 0.006358254551393556, 0.03491993671873904, 0.32072456159013324, 0.32072456159022444, 2.5299027060103714, 97.48386162367753, 96.75981455164239, 96.75981455164218, 0.45636990819008344, 0.32072456159022367, 96.75981455164217, 0.45636990819018997, 0.07631255281971343, 0.3438756091772803, 108.8445747446051, 96.69534399370318]}, "2": {"R": [230.94010767585033, 230.92732709962354, 230.76367320740178, 230.56400587478245, 230.9334882718752, 230.91339566375524, 230.77489067746646, 230.77489067746694, 230.8638094832222, 230.624304969763, 229.60008761683284, 229.60008761683304, 230.5640058747825, 230.774890677467, 229.60008761683312, 230.5640058747813, 230.88293633353103, 230.75850161117364, 230.41637933995978, 229.48251461734324], "S": [230.9401076758503, 230.92470985409517, 230.72283977450172, 230.51812014213002, 230.9343089357544, 230.91690441118203, 230.73892935219212, 230.73892935219132, 231.00942399443414, 230.33429218032737, 231.5658755040555, 231.5658755040552, 230.51812014213002, 230.7389293521912, 231.56587550405519, 230.51812014213044, 230.90632029890656, 230.71616967898441, 230.44632386500786, 231.69204163137326], "T": [230.9401076758503, 230.93623387640378, 230.88508749983367, 230.8159036401963, 230.9288641697445, 230.8953786326151, 230.45680315765614, 230.45680315765665, 236.47085659092573, 391.811316436163, 391.50883627493704, 391.5088362749364, 230.81590364019632, 230.45680315765668, 391.50883627493636, 230.81590364019613, 230.89853865235213, 230.40446645720596, 422.60525889554987, 391.4708764114722], "N": [0, 0.013459098922976283, 0.2757291488221335, 0.4563630103976082, 0.006358379200379888, 0.03492062214458078, 0.3207350155789428, 0.320735015579368, 6.7546295020441764, 260.26874594352114, 257.3172298458157, 257.3172298458159, 0.45636301039761057, 0.32073501557939965, 257.317229845816, 0.4563630103974881, 0.07631287880416769, 0.3438868075920341, 290.6813433565798, 257.0620968041473]}, "3": {"R": [230.94010767585033, 230.92732709962354, 230.7636732074013, 230.5640058747806, 230.93348827187515, 230.9133956637551, 230.7748906774656, 230.77489067746566, 230.92879909300538, 231.62794562307107, 231.29421716575564, 231.29421716575567, 230.5640058747806, 230.7748906774657, 231.29421716575567, 230.5640058747804, 230.8829363335309, 230.75850161117282, 231.6012907848387, 231.24851373743888], "S": [230.9401076758503, 230.92470985409517, 230.7228397745017, 230.51812014212987, 230.93430893575444, 230.91690441118206, 230.73892935219263, 230.7389293521924, 230.97073219178682, 229.7869879628117, 230.27282531663093, 230.27282531663084, 230.51812014212985, 230.73892935219237, 230.2728253166309, 230.5181201421302, 230.90632029890656, 230.71616967898487, 229.82570822586342, 230.304573737362], "T": [230.9401076758503, 230.93623387640378, 230.88508749983384, 230.81590364019695, 230.92886416974446, 230.89537863261498, 230.4568031576549, 230.456803157655, 234.46061501861308, 341.87435359773224, 341.4717366726424, 341.4717366726426, 230.81590364019698, 230.456803157655, 341.4717366726426, 230.8159036401964, 230.89853865235202, 230.4044664572046, 364.85971879144864, 341.4266259762584], "N": [0, 0.013459098922997426, 0.2757291488222129, 0.4563630103973028, 0.006358379200360907, 0.034920622144616754, 0.32073501557970413, 0.32073501557983014, 5.335950212788529, 205.60402964536047, 203.07061281119454, 203.07061281119456, 0.4563630103972978, 0.3207350155798533, 203.0706128111946, 0.4563630103974976, 0.07631287880417154, 0.34388680759285334, 229.646444493334, 202.8516787893063]}, "4": {"R": [230.94010767585033, 230.92732709962357, 230.76367320740164, 230.56400587478075, 230.9334882718751, 230.913395663755, 230.77489067746473, 230.77489067746464, 230.94043875796396, 231.77403100536532, 230.8830843947005, 230.8830843947003, 230.56400587478075, 230.77489067746464, 230.88308439470026, 230.5640058747808, 230.8829363335309, 230.75850161117188, 231.84022718401488, 230.74311744772893], "S": [230.9401076758503, 230.92470985409517, 230.7228397745016, 230.51812014212987, 230.93430893575447, 230.91690441118217, 230.73892935219413, 230.73892935219408, 230.97302598056672, 229.92555884716467, 230.42145241843832, 230.42145241843807, 230.5181201421299, 230.73892935219408, 230.42145241843804, 230.51812014213004, 230.90632029890662, 230.71616967898652, 229.97178957755304, 230.45508569862005], "T": [230.9401076758503, 230.93623387640375, 230.88508749983347, 230.8159036401958, 230.92886416974451, 230.89537863261504, 230.45680315765443, 230.45680315765446, 233.96689513740736, 330.9207225515197, 330.4665284065795, 330.4665284065798, 230.8159036401958, 230.45680315765452, 330.46652840657987, 230.81590364019578, 230.89853865235204, 230.40446645720408, 352.44637012002954, 330.41503183533985], "N": [0, 0.013459098923013583, 0.27572914882242744, 0.45636301039801785, 0.006358379200354422, 0.0349206221445288, 0.3207350155787795, 0.32073501557883966, 5.152703578321424, 198.54144521605784, 197.47042702415285, 197.47042702415274, 0.4563630103980289, 0.32073501557887657, 197.4704270241527, 0.4563630103979827, 0.07631287880414253, 0.34388680759187384, 221.63440390351408, 197.38522775056725]},