{"1": {"type": {"name": "both", "imbalance": "high", "r_earthing": 2.0}, "n_iterations": 5, "condition": 1255931.6191049777, "residuals": [46817.20161060727, 15446.744776644453, 15424.445867621496, 8088.3452713159095, 13169.403320794765], "elapsed_time": 0.13480067253112793, "tol": 0.0001, "converge": true, "voltages": {"0": {"R": [230.94010767585033, 230.94010767585033, 230.94010767585033, 230.94010767585033, 230.94010767585033, 230.94010767585033, 230.94010767585033, 230.94010767585033, 230.94010767585033, 230.94010767585033, 230.94010767585033, 230.94010767585033, 230.94010767585033, 230.94010767585033, 230.94010767585033, 230.94010767585033, 230.94010767585033, 230.94010767585033, 230.94010767585033, 230.94010767585033], "S": [230.9401076758503, 230.9401076758503, 230.9401076758503, 230.9401076758503, 230.9401076758503, 230.9401076758503, 230.9401076758503, 230.9401076758503, 230.9401076758503, 230.9401076758503, 230.9401076758503, 230.9401076758503, 230.9401076758503, 230.9401076758503, 230.9401076758503, 230.9401076758503, 230.9401076758503, 230.9401076758503, 230.9401076758503, 230.9401076758503], "T": [230.9401076758503, 230.9401076758503, 230.9401076758503, 230.9401076758503, 230.9401076758503, 230.9401076758503, 230.9401076758503, 230.9401076758503, 230.9401076758503, 230.9401076758503, 230.9401076758503, 230.9401076758503, 230.9401076758503, 230.9401076758503, 230.9401076758503, 230.9401076758503, 230.9401076758503, 230.9401076758503, 230.9401076758503, 230.9401076758503], "N": [0, 0, 0, 0, 0, 0, 0, 0, 0, 0, 0, 0, 0, 0, 0, 0, 0, 0, 0, 0]}, "1": {"R": [230.94010767585033, 230.92732721135602, 230.76367481092382, 230.5640086899166, 230.93348826433174, 230.91339564070148, 230.77489036239564, 230.77489036239555, 230.87866298358807, 230.26504366555076, 229.50219555095197, 229.5021955509517, 230.5640086899166, 230.77489036239552, 229.5021955509517, 230.56400868991653, 230.88293633607762, 230.7585012514534, 230.09499401721862, 229.41298952894445], "S": [230.9401076758503, 230.9247098461277, 230.7228396436929, 230.51812196848505, 230.93430893401288, 230.91690439969807, 230.73892922844541, 230.73892922844536, 230.91393779962883, 229.72112300542565, 229.1950538692666, 229.19505386926625, 230.51812196848505, 230.7389292284454, 229.19505386926625, 230.51812196848596, 230.90632028402914, 230.71616954782428, 229.66031283315215, 229.11839391224694], "T": [230.9401076758503, 230.93623388093124, 230.88508754402122, 230.81590382120658, 230.92886434213693, 230.8953793195846, 230.45681036655324, 230.4568103665533, 233.58892034686826, 299.4440415187303, 299.4671619544551, 299.4671619544555, 230.81590382120658, 230.45681036655327, 299.4671619544555, 230.81590382120567, 230.89853933830815, 230.40447442963998, 311.14912552830816, 299.4650109862146], "N": [0.0, 0.013459302353246418, 0.2757333163869021, 0.4563699081896041, 0.006358254551409191, 0.03491993671871088, 0.3207245615895963, 0.32072456158965984, 2.5299027060103643, 97.4838616236779, 96.75981455164317, 96.75981455164279, 0.4563699081896041, 0.3207245615896579, 96.75981455164279, 0.45636990818983086, 0.07631255281972635, 0.3438756091767695, 108.84457474460554, 96.695343993704]}, "2": {"R": [230.94010767585033, 230.92732732731457, 230.76367643445778, 230.56401019085936, 230.9334884539776, 230.9133963992674, 230.77489856461327, 230.77489856461344, 226.37220727618066, 129.1697760178657, 128.13652560394456, 128.13652560394502, 230.56401019085936, 230.77489856461347, 128.13652560394507, 230.56401019085848, 230.88293703219406, 230.7585100781323, 121.18412339896118, 128.0392731114855], "S": [230.9401076758503, 230.92470977539463, 230.72283865179082, 230.51811894675396, 230.93430885140154, 230.91690406925318, 230.73892562393678, 230.73892562393664, 235.1981758611295, 349.18734658918726, 346.98225574603134, 346.9822557460307, 230.51811894675396, 230.73892562393658, 346.98225574603066, 230.51811894675487, 230.90631998804608, 230.71616567293697, 364.1351232895782, 346.72440219843065], "T": [230.9401076758503, 230.93623372698323, 230.88508538859077, 230.8159005022395, 230.92886407225114, 230.89537824002855, 230.45679900759995, 230.4567990075999, 237.71204762494773, 411.75546852644345, 412.8582271321127, 412.85822713211223, 230.8159005022395, 230.4567990075999, 412.8582271321121, 230.81590050223946, 230.8985382655068, 230.40446200585805, 439.9653250785683, 412.9548363441675], "N": [0.0, 0.013459465914129446, 0.27573538650284796, 0.45637387209795444, 0.006358277325542198, 0.03492008412156576, 0.3207205864900133, 0.3207205864900124, 9.866351129244403, 321.8502673546074, 321.32441253342694, 321.32441253342677, 0.45637387209795444, 0.3207205864900272, 321.3244125334268, 0.45637387209700053, 0.0763129873368057, 0.3438713178682454, 359.88382538511155, 321.27589535023094]}, "3": {"R": [230.94010767585033, 230.9273270996235, 230.7636732074016, 230.56400587478186, 230.93348827187518, 230.91339566375518, 230.7748906774658, 230.77489067746586, 232.05367676020586, 267.62476903441944, 263.4760463247861, 263.47604632478567, 230.56400587478186, 230.7748906774659, 263.47604632478544, 230.564005874781, 230.8829363335309, 230.75850161117296, 272.7277801004927, 263.0677020251157], "S": [230.9401076758503, 230.92470985409506, 230.7228397745015, 230.51812014212877, 230.9343089357544, 230.91690441118212, 230.73892935219277, 230.73892935219237, 230.86547002960748, 227.7776046691177, 202.8165829774732, 202.81658297747447, 230.51812014212877, 230.7389293521924, 202.81658297747464, 230.51812014212973, 230.9063202989067, 230.71616967898512, 228.67492473998382, 199.46389871392321], "T": [230.9401076758503, 230.93623387640392, 230.8850874998339, 230.81590364019735, 230.9288641697445, 230.89537863261504, 230.45680315765497, 230.45680315765543, 234.17095169274648, 327.47453193656827, 329.80750305742146, 329.807503057422, 230.81590364019735, 230.45680315765543, 329.80750305742225, 230.81590364019652, 230.89853865235207, 230.40446645720462, 349.65140009212365, 330.0461971831691], "N": [0.0, 0.013459098922925437, 0.2757291488219194, 0.45636301039683536, 0.006358379200357574, 0.03492062214445456, 0.3207350155800517, 0.32073501558050715, 10.393258728348995, 372.35827175250466, 380.754487792028, 380.75448779202776, 0.4563630103968353, 0.3207350155805015, 380.7544877920277, 0.4563630103971355, 0.07631287880395436, 0.34388680759314116, 415.3418646850207, 381.60550636793175]}, "4": {"R": [230.94010767585033, 230.92732709962362, 230.76367320740175, 230.56400587478169, 230.93348827187515, 230.91339566375515, 230.77489067746552, 230.7748906774658, 235.1404368739631, 343.3339266714389, 356.13994371840323, 356.13994371840397, 230.56400587478169, 230.77489067746578, 356.1399437184042, 230.5640058747811, 230.8829363335311, 230.7585016111727, 355.5538887417782, 357.4271726685193], "S": [230.9401076758503, 230.9247098540952, 230.7228397745021, 230.51812014213067, 230.93430893575447, 230.9169044111823, 230.73892935219442, 230.73892935219467, 228.05091864465635, 174.0543938859989, 202.0763172339652, 202.076317233964, 230.51812014213067, 230.7389293521947, 202.07631723396383, 230.5181201421307, 230.90632029890668, 230.71616967898674, 168.66950122757098, 204.66761915669179], "T": [230.9401076758503, 230.9362338764036, 230.885087499833, 230.81590364019488, 230.92886416974446, 230.89537863261484, 230.45680315765358, 230.45680315765335, 233.0881254219505, 289.40102475897703, 258.48787752053613, 258.48787752053755, 230.81590364019488, 230.45680315765338, 258.48787752053767, 230.81590364019516, 230.89853865235202, 230.40446645720328, 305.2345295459595, 255.68284591228928], "N": [0.0, 0.013459098923171976, 0.2757291488227085, 0.4563630103981419, 0.006358379200330513, 0.03492062214440793, 0.3207350155792393, 0.3207350155788566, 11.354149481332128, 384.8132396520192, 402.7687677421523, 402.7687677421526, 0.45636301039814187, 0.3207350155789005, 402.7687677421529, 0.4563630103979689, 0.07631287880414622, 0.34388680759238505, 428.2822374542504, 404.7565092882713]},