{"1": {"type": {"name": "both", "imbalance": "high", "r_earthing": 2.0}, "n_iterations": 5, "condition": 1718459.8647576768, "residuals": [53436.25767571634, 12115001.547706882, 29215507.821684413, 8053960.829607588, 2374386.7279959], "elapsed_time": 0.6921470165252686, "tol": 0.0001, "converge": true, "voltages": {"0": {"R": [230.94010767585033, 230.94010767585033, 230.94010767585033, 230.94010767585033, 230.94010767585033, 230.94010767585033, 230.94010767585033, 230.94010767585033, 230.94010767585033, 230.94010767585033, 230.94010767585033, 230.94010767585033, 230.94010767585033, 230.94010767585033, 230.94010767585033, 230.94010767585033, 230.94010767585033, 230.94010767585033, 230.94010767585033, 230.94010767585033, 230.94010767585033, 230.94010767585033, 230.94010767585033, 230.94010767585033, 230.94010767585033], "S": [230.9401076758503, 230.9401076758503, 230.9401076758503, 230.9401076758503, 230.9401076758503, 230.9401076758503, 230.9401076758503, 230.9401076758503, 230.9401076758503, 230.9401076758503, 230.9401076758503, 230.9401076758503, 230.9401076758503, 230.9401076758503, 230.9401076758503, 230.9401076758503, 230.9401076758503, 230.9401076758503, 230.9401076758503, 230.9401076758503, 230.9401076758503, 230.9401076758503, 230.9401076758503, 230.9401076758503, 230.9401076758503], "T": [230.9401076758503, 230.9401076758503, 230.9401076758503, 230.9401076758503, 230.9401076758503, 230.9401076758503, 230.9401076758503, 230.9401076758503, 230.9401076758503, 230.9401076758503, 230.9401076758503, 230.9401076758503, 230.9401076758503, 230.9401076758503, 230.9401076758503, 230.9401076758503, 230.9401076758503, 230.9401076758503, 230.9401076758503, 230.9401076758503, 230.9401076758503, 230.9401076758503, 230.9401076758503, 230.9401076758503, 230.9401076758503], "N": [0, 0, 0, 0, 0, 0, 0, 0, 0, 0, 0, 0, 0, 0, 0, 0, 0, 0, 0, 0, 0, 0, 0, 0, 0]}, "1": {"R": [230.94010767585033, 230.81254698055633, 229.97078266952462, 227.89047591293647, 226.2613454564065, 223.71201557165253, 222.2494314235095, 221.65583958966315, 221.25954203296766, 230.93943212841947, 230.86632403958623, 230.95039475948937, 232.00029709903512, 232.41889952078458, 221.25954203296772, 226.18842487702744, 223.50981471662635, 222.2494314235095, 221.56001795863756, 221.08533242263138, 230.82588209337501, 232.407385146914, 232.7591460159477, 233.15265448787486, 233.1130524072868], "S": [230.9401076758503, 230.92110618217743, 230.69718279048627, 230.14340487588208, 229.709337942423, 229.07497925382373, 229.20758539514816, 229.26240427241262, 229.29296338776518, 230.93829885913615, 230.77437209945458, 230.93666437796875, 230.61530315577693, 230.4873962609322, 229.29296338776518, 229.67487112222625, 229.0113605454808, 229.20758539514816, 229.27306187338942, 229.30648567799636, 230.68363812821784, 230.47539825884192, 230.47369937422448, 230.46637040941178, 230.4627039647068], "T": [230.9401076758503, 232.15369882798763, 241.2976311500473, 263.92519429682505, 281.674756867754, 316.42610876429876, 316.5586069706016, 316.61318265719206, 316.62382181480115, 230.93892399508366, 230.7842652825774, 230.89294732769395, 225.81190084084267, 223.7891977322271, 316.62382181480115, 281.6500197363229, 320.99391667097314, 316.5586069706017, 316.62920549690676, 316.62855205887485, 230.6990650491268, 223.30158586400026, 223.788273680766, 223.78394503162312, 223.78176274290365], "N": [0, 1.1199956150921286, 13.923579366474373, 45.611332325006366, 70.46427632644817, 119.23624882232188, 117.67240191268158, 117.0368729889114, 116.60902906670964, 0.005162940361235523, 0.2895614706517511, 0.0409627196564493, 6.759636558588361, 9.434704105900568, 116.60902906670967, 70.43300172250723, 123.6586418468239, 117.67240191268161, 116.93512122148844, 116.42081970256014, 0.44699900543171533, 9.873810695594132, 9.479196892627835, 9.392939169217827, 9.34340883134324]}, "2": {"R": [230.94010767585033, 230.6131912728876, 228.59359020671187, 223.84737418825515, 220.38651429730038, 215.70438118778532, 214.09976358690068, 213.55681206824886, 213.27347496344842, 230.93943212855774, 230.86632404750102, 230.95041149900806, 232.00172857870118, 232.42089692281317, 213.27347496344834, 220.20895363981901, 215.15983768417743, 214.09976358690065, 213.46310853124032, 213.158088045411, 230.82588210581008, 232.40943855998958, 232.76122659694883, 233.15458538990993, 233.11495170547613], "S": [230.9401076758503, 231.383137676044, 233.98826339105793, 240.44530715774866, 245.52023541696914, 253.67863339958765, 259.8257985208178, 262.3279525679963, 263.85172402148993, 230.93829885250676, 230.7743714742521, 230.93665233645473, 230.61420572371614, 230.4858674429897, 263.85172402148976, 245.69671132982313, 254.28121048018775, 259.82579852081744, 262.7733270896026, 264.52220537840554, 230.6836371608293, 230.47384347200872, 230.47211373295164, 230.46476353516564, 230.4610864727434], "T": [230.9401076758503, 236.00510548560985, 277.9729707020748, 396.6573886848648, 496.7315116648326, 698.8222566296419, 698.6609844794971, 698.6071206728375, 698.4896162742369, 230.9389239459945, 230.78426267354865, 230.8926446667123, 225.77909332689876, 223.743447558542, 698.489616274237, 496.68738902284434, 726.4859965072118, 698.6609844794973, 698.6224860612731, 698.4387579337376, 230.6990609990846, 223.25280472380058, 223.7424846535112, 223.73810946975354, 223.7359037648116], "N": [0, 6.721387557973454, 83.556135360257, 273.71546436580167, 422.85886299805196, 715.9581656253986, 704.4115671165963, 699.7147062739056, 696.5098142805903, 0.005162791010574342, 0.2895530943779353, 0.0411981295570433, 6.798503140796466, 9.48895185434846, 696.5098142805904, 422.6371166158234, 742.7056789087388, 704.4115671165964, 698.9739488252692, 695.0999103729602, 0.44698607489213427, 9.93102141988562, 9.532040967599519, 9.444655295738983, 9.395047756366806]}, "3": {"R": [230.94010767585033, 230.94954014057836, 231.1275095872754, 231.7313410561771, 232.36690902466802, 234.1297042283376, 236.07056697719975, 236.90331805917364, 237.52261277833574, 230.9394321285578, 230.86632404750088, 230.9504115148151, 232.0017300728301, 232.4208990058051, 237.5226127783357, 232.32531184354363, 234.0787327661063, 236.07056697719975, 237.02668752579618, 237.79847003237916, 230.82588210580997, 232.40944066901403, 232.76122883675475, 233.1545878292528, 233.11495416523132], "S": [230.9401076758503, 231.1362930522816, 232.12618373036204, 234.59720069401817, 236.55644636141616, 239.66050254268617, 242.88635315904864, 244.2035245131519, 244.99917581670093, 230.93829885250676, 230.77437147425218, 230.93665232727082, 230.6142048765827, 230.48586626261195, 244.99917581670104, 236.61776968709103, 239.88522990478475, 242.8863531590486, 244.4403157561078, 245.34953212537792, 230.68363716082942, 230.47384226695235, 230.4721125118519, 230.46476229547454, 230.4610852237378], "T": [230.9401076758503, 232.55150946079573, 248.47028940624674, 307.32296947386624, 365.8134999317523, 495.4988925837815, 494.57403336386363, 494.20580332878984, 493.9146535627278, 230.93892394599445, 230.7842626735465, 230.89264450073304, 225.7790753159706, 223.74342244538366, 493.9146535627278, 365.7536124497512, 514.4966838768275, 494.57403336386363, 494.1598199137176, 493.7871332808271, 230.69906099908127, 223.25277790867406, 223.7424595256757, 223.73808431927426, 223.73587860294282], "N": [0, 4.761426990664936, 59.19260806363359, 193.90508696590925, 299.56110258366755, 507.24848161678625, 498.3052250949217, 494.66873022915155, 492.2020230726014, 0.005162791010532993, 0.2895530943783389, 0.041198272404752406, 6.798526731605325, 9.488984781061376, 492.2020230726012, 299.40044657957094, 526.267018835998, 498.30522509492175, 494.09135913500114, 491.1169155618469, 0.44698607489270625, 9.931055958125363, 9.53207359134199, 9.44468766259892, 9.395080041553976]},