{"1": {"type": {"name": "consumption", "imbalance": null, "r_earthing": 2}, "n_iterations": 4, "condition": 78468.01131330615, "residuals": [282.28682155220844, 84.03646139308188, 0.038774590620867855, 9.289152558267233e-09], "elapsed_time": 2.1653335094451904, "tol": 0.0001, "converge": true}, "2": {"type": {"name": "consumption", "imbalance": "low", "r_earthing": 2}, "n_iterations": 4, "condition": 78466.8217972267, "residuals": [296.69786049031677, 99.90650964115048, 0.03194884613913729, 6.882309833144973e-09], "elapsed_time": 2.082486629486084, "tol": 0.0001, "converge": true}, "3": {"type": {"name": "consumption", "imbalance": "high", "r_earthing": 2}, "n_iterations": 5, "condition": 78612.53515676288, "residuals": [534.7706868368481, 822.087211730515, 7.190315963070745, 0.0016288924184237885, 3.060836029078473e-10], "elapsed_time": 2.6096556186676025, "tol": 0.0001, "converge": true}, "4": {"type": {"name": "consumption", "imbalance": null, "r_earthing": 40}, "n_iterations": 4, "condition": 84822.92766877053, "residuals": [282.28682155220844, 84.86642640061973, 0.04026003014806179, 1.0398828464985854e-08], "elapsed_time": 2.1169018745422363, "tol": 0.0001, "converge": true}, "5": {"type": {"name": "consumption", "imbalance": "low", "r_earthing": 40}, "n_iterations": 4, "condition": 84837.91010067484, "residuals": [339.08326913181173, 169.54984508356938, 0.18008325143455295, 3.4975346352439374e-07], "elapsed_time": 3.021059036254883, "tol": 0.0001, "converge": true}, "6": {"type": {"name": "consumption", "imbalance": "high", "r_earthing": 40}, "n_iterations": 5, "condition": 84946.36716734029, "residuals": [452.4982734773265, 1485.9362854183219, 41.715295848896744, 0.0685380644724276, 2.7780788869335993e-07], "elapsed_time": 2.5439510345458984, "tol": 0.0001, "converge": true}, "7": {"type": {"name": "consumption", "imbalance": null, "r_earthing": null}, "n_iterations": 4, "condition": 85039.08046090862, "residuals": [282.28682155220844, 84.9236349278319, 0.04036258046433261, 1.0478892420451302e-08], "elapsed_time": 2.023313045501709, "tol": 0.0001, "converge": true}, "8": {"type": {"name": "consumption", "imbalance": "low", "r_earthing": null}, "n_iterations": 4, "condition": 85073.02361076715, "residuals": [381.4686777733067, 185.89888401521603, 0.3496698104954703, 2.8146350814495236e-06], "elapsed_time": 2.1381475925445557, "tol": 0.0001, "converge": true}, "9": {"type": {"name": "consumption", "imbalance": "high", "r_earthing": null}, "n_iterations": 5, "condition": 85183.77912733768, "residuals": [493.63448015708724, 1428.1747737590233, 44.491338861130046, 0.03683569156071442, 2.29776517812752e-08], "elapsed_time": 2.5449981689453125, "tol": 0.0001, "converge": true}, "10": {"type": {"name": "generation", "imbalance": null, "r_earthing": 2}, "n_iterations": 4, "condition": 78466.29356891387, "residuals": [282.2868215525048, 64.27826628455581, 0.012914678130890422, 5.452989171317313e-10], "elapsed_time": 2.3346340656280518, "tol": 0.0001, "converge": true}, "11": {"type": {"name": "generation", "imbalance": "low", "r_earthing": 2}, "n_iterations": 4, "condition": 78474.73009006014, "residuals": [339.0832691321081, 67.35015710077278, 0.026108095511517604, 5.694346327800304e-09], "elapsed_time": 2.7297582626342773, "tol": 0.0001, "converge": true}, "12": {"type": {"name": "generation", "imbalance": "high", "r_earthing": 2}, "n_iterations": 4, "condition": 78547.7106254767, "residuals": [534.7706868369334, 649.2140916482659, 1.7355636871783595, 1.0250779446607794e-05], "elapsed_time": 2.447399616241455, "tol": 0.0001, "converge": true}, "13": {"type": {"name": "generation", "imbalance": null, "r_earthing": 40}, "n_iterations": 4, "condition": 84818.47336322891, "residuals": [282.2868215525048, 64.7358954354026, 0.013211603472910838, 5.853024731550249e-10], "elapsed_time": 2.1018848419189453, "tol": 0.0001, "converge": true}, "14": {"type": {"name": "generation", "imbalance": "low", "r_earthing": 40}, "n_iterations": 4, "condition": 84846.77641949085, "residuals": [423.854086415098, 88.66434931454933, 0.05928410719934618, 3.2412572181783617e-08], "elapsed_time": 2.055349826812744, "tol": 0.0001, "converge": true}, "15": {"type": {"name": "generation", "imbalance": "high", "r_earthing": 40}, "n_iterations": 4, "condition": 84867.4216800379, "residuals": [452.4982734774119, 398.4181773230788, 0.963488999135393, 4.348307498958093e-06], "elapsed_time": 2.0941522121429443, "tol": 0.0001, "converge": true}, "16": {"type": {"name": "generation", "imbalance": null, "r_earthing": null}, "n_iterations": 4, "condition": 85034.01997231797, "residuals": [282.2868215525048, 64.7684637472905, 0.013231672562596941, 5.862474949935859e-10], "elapsed_time": 2.058981418609619, "tol": 0.0001, "converge": true}, "17": {"type": {"name": "generation", "imbalance": "low", "r_earthing": null}, "n_iterations": 4, "condition": 85038.8447459396, "residuals": [296.69786049061315, 109.71563859258458, 0.06830174418792012, 3.4564436646178365e-08], "elapsed_time": 2.0980336666107178, "tol": 0.0001, "converge": true}, "18": {"type": {"name": "both", "imbalance": null, "r_earthing": 2}, "n_iterations": 4, "condition": 78465.10837595971, "residuals": [282.28682155220844, 55.04976524130356, 0.004752082514386302, 3.41792372182681e-10], "elapsed_time": 2.005915880203247, "tol": 0.0001, "converge": true}, "19": {"type": {"name": "both", "imbalance": "low", "r_earthing": 2}, "n_iterations": 4, "condition": 78490.86364061345, "residuals": [381.4686777733067, 71.39079077808836, 0.008950400179600138, 3.099671630479861e-10], "elapsed_time": 2.025115489959717, "tol": 0.0001, "converge": true}, "20": {"type": {"name": "both", "imbalance": "high", "r_earthing": 2}, "n_iterations": 4, "condition": 78515.15815290359, "residuals": [411.3620667975656, 529.483288968929, 1.2660520972737572, 5.509633822953219e-06], "elapsed_time": 2.0803134441375732, "tol": 0.0001, "converge": true}, "21": {"type": {"name": "both", "imbalance": null, "r_earthing": 40}, "n_iterations": 4, "condition": 84816.02713306875, "residuals": [282.28682155220844, 55.22801098094706, 0.004809829051055203, 2.142428456863854e-10], "elapsed_time": 2.1594324111938477, "tol": 0.0001, "converge": true}, "22": {"type": {"name": "both", "imbalance": "low", "r_earthing": 40}, "n_iterations": 4, "condition": 84841.57449442094, "residuals": [381.4686777733067, 191.84005636514485, 0.083487557603803, 2.3799657355993986e-08], "elapsed_time": 2.287031650543213, "tol": 0.0001, "converge": true}, "23": {"type": {"name": "both", "imbalance": "high", "r_earthing": 40}, "n_iterations": 4, "condition": 84872.37087379131, "residuals": [452.4982734773265, 565.1556843718969, 1.2979597002588434, 5.943479663983453e-06], "elapsed_time": 2.1859166622161865, "tol": 0.0001, "converge": true}, "24": {"type": {"name": "both", "imbalance": null, "r_earthing": null}, "n_iterations": 4, "condition": 85031.28592083957, "residuals": [282.28682155220844, 55.23816555603071, 0.004813069724207253, 1.7955414932657732e-10], "elapsed_time": 2.1130218505859375, "tol": 0.0001, "converge": true}, "25": {"type": {"name": "both", "imbalance": "low", "r_earthing": null}, "n_iterations": 4, "condition": 85059.42358744697, "residuals": [381.4686777733067, 60.56152951614786, 0.00498442216849071, 2.4374458007514477e-10], "elapsed_time": 2.0742881298065186, "tol": 0.0001, "converge": true}, "26": {"type": {"name": "both", "imbalance": "high", "r_earthing": null}, "n_iterations": 4, "condition": 85102.28649910135, "residuals": [534.7706868368481, 389.8739554466494, 0.4787716710790164, 1.1983973737805798e-06], "elapsed_time": 2.099456548690796, "tol": 0.0001, "converge": true}, "27": {"type": {"name": "generation", "imbalance": "high", "r_earthing": null}, "n_iterations": 4, "condition": 85086.18837324319, "residuals": [452.4982734774119, 703.0239230420335, 1.3309663410174721, 8.210520888951578e-06], "elapsed_time": 2.0632247924804688, "tol": 0.0001, "converge": true}}