{"1": {"type": {"name": "consumption", "imbalance": null, "r_earthing": 2}, "n_iterations": 4, "condition": 510194.4479859881, "residuals": [282.28682155218195, 0.39132501241992657, 0.09019287781904772, 5.628950866309879e-06], "elapsed_time": 0.177565336227417, "tol": 0.0001, "converge": true}, "2": {"type": {"name": "consumption", "imbalance": "low", "r_earthing": 2}, "n_iterations": 4, "condition": 529978.1493793514, "residuals": [296.6978604902903, 0.40595970579042273, 0.22526853627300625, 6.858078432259163e-06], "elapsed_time": 0.18550634384155273, "tol": 0.0001, "converge": true}, "3": {"type": {"name": "consumption", "imbalance": "high", "r_earthing": 2}, "n_iterations": 6, "condition": 978727.1662565193, "residuals": [534.7706868365416, 3.9791756228181896, 4.125442235372674, 0.0035280576122360685, 0.0019361637435224566, 5.281215464947309e-09], "elapsed_time": 0.3864631652832031, "tol": 0.0001, "converge": true}, "4": {"type": {"name": "consumption", "imbalance": null, "r_earthing": 40}, "n_iterations": 4, "condition": 537358.050931399, "residuals": [282.28682155218195, 0.39530154112006244, 0.09135623694478667, 5.560914914326531e-06], "elapsed_time": 0.2609074115753174, "tol": 0.0001, "converge": true}, "5": {"type": {"name": "consumption", "imbalance": "low", "r_earthing": 40}, "n_iterations": 4, "condition": 618082.300225981, "residuals": [339.0832691317852, 0.7130580289937996, 0.33045458905233716, 5.5247329981966686e-05], "elapsed_time": 0.14162230491638184, "tol": 0.0001, "converge": true}, "6": {"type": {"name": "consumption", "imbalance": "high", "r_earthing": 40}, "n_iterations": 6, "condition": 1302479.4731707089, "residuals": [452.49827347701995, 8.2316590121699, 8.616119174765629, 0.019886099480999064, 0.022407561238338758, 1.1529592711667647e-06], "elapsed_time": 0.2019200325012207, "tol": 0.0001, "converge": true}, "7": {"type": {"name": "consumption", "imbalance": null, "r_earthing": null}, "n_iterations": 4, "condition": 538908.528420567, "residuals": [282.28682155218195, 0.3955766746352367, 0.09146968897627872, 5.556260205707986e-06], "elapsed_time": 0.15164971351623535, "tol": 0.0001, "converge": true}, "8": {"type": {"name": "consumption", "imbalance": "low", "r_earthing": null}, "n_iterations": 4, "condition": 690015.0471588112, "residuals": [381.46867777328026, 0.7655003780756005, 0.5409150400046201, 8.929483343678157e-05], "elapsed_time": 0.13521385192871094, "tol": 0.0001, "converge": true}, "9": {"type": {"name": "consumption", "imbalance": "high", "r_earthing": null}, "n_iterations": 6, "condition": 1210950.0353111152, "residuals": [493.63448015678074, 7.921134930068462, 7.983029668696361, 0.021191052884802275, 0.025306842783265893, 3.5513625107341795e-07], "elapsed_time": 0.2154238224029541, "tol": 0.0001, "converge": true}, "10": {"type": {"name": "generation", "imbalance": null, "r_earthing": 2}, "n_iterations": 4, "condition": 549646.5080588924, "residuals": [282.2868215525312, 0.26225286978190354, 0.056560197570791004, 1.5694398598498083e-06], "elapsed_time": 0.18965458869934082, "tol": 0.0001, "converge": true}, "11": {"type": {"name": "generation", "imbalance": "low", "r_earthing": 2}, "n_iterations": 4, "condition": 604160.7673938667, "residuals": [339.08326913213443, 0.2860255109192025, 0.10983231466068233, 4.231789534347996e-06], "elapsed_time": 0.21143531799316406, "tol": 0.0001, "converge": true}, "12": {"type": {"name": "generation", "imbalance": "high", "r_earthing": 2}, "n_iterations": 6, "condition": 1214564.9029149658, "residuals": [534.7706868372401, 2.4490353446623203, 2.4040155310453457, 0.0002752189348314005, 0.00035842823082532504, 1.0117240378804127e-09], "elapsed_time": 0.28994202613830566, "tol": 0.0001, "converge": true}, "13": {"type": {"name": "generation", "imbalance": null, "r_earthing": 40}, "n_iterations": 4, "condition": 573636.7401787004, "residuals": [282.2868215525312, 0.26408481938004513, 0.05669429340270682, 1.5930076671111237e-06], "elapsed_time": 0.2832612991333008, "tol": 0.0001, "converge": true}, "14": {"type": {"name": "generation", "imbalance": "low", "r_earthing": 40}, "n_iterations": 4, "condition": 665100.944397882, "residuals": [423.8540864151244, 0.35196586521554707, 0.197792169518344, 7.016231578838017e-06], "elapsed_time": 0.9511349201202393, "tol": 0.0001, "converge": true}, "15": {"type": {"name": "generation", "imbalance": "high", "r_earthing": 40}, "n_iterations": 6, "condition": 932710.5999109005, "residuals": [452.49827347771844, 1.6059069956071994, 1.5997648353460079, 0.00010545355575430904, 0.00018959378537886096, 8.342624369106488e-10], "elapsed_time": 0.34934067726135254, "tol": 0.0001, "converge": true}, "16": {"type": {"name": "generation", "imbalance": null, "r_earthing": null}, "n_iterations": 4, "condition": 574992.9178859267, "residuals": [282.2868215525312, 0.2642146820385136, 0.056715549472778015, 1.5933499355469394e-06], "elapsed_time": 0.30219221115112305, "tol": 0.0001, "converge": true}, "17": {"type": {"name": "generation", "imbalance": "low", "r_earthing": null}, "n_iterations": 4, "condition": 621731.0168464766, "residuals": [296.6978604906395, 0.41252236799201114, 0.2671979279914609, 7.668353102729952e-06], "elapsed_time": 0.25881505012512207, "tol": 0.0001, "converge": true}, "18": {"type": {"name": "both", "imbalance": null, "r_earthing": 2}, "n_iterations": 4, "condition": 846008.9685638119, "residuals": [282.28682155218195, 0.24783096878528, 0.06256263611654234, 5.770618543010642e-07], "elapsed_time": 0.41927528381347656, "tol": 0.0001, "converge": true}, "19": {"type": {"name": "both", "imbalance": "low", "r_earthing": 2}, "n_iterations": 4, "condition": 1044944.4389714724, "residuals": [381.46867777328026, 0.32407006076067546, 0.13461434600657896, 1.1693133075141304e-06], "elapsed_time": 0.6849994659423828, "tol": 0.0001, "converge": true}, "20": {"type": {"name": "both", "imbalance": "high", "r_earthing": 2}, "n_iterations": 6, "condition": 2111799.723009458, "residuals": [411.36206679725905, 2.5656101973993657, 2.051383114913932, 0.0002505330662927463, 0.0002266987937957765, 1.2239667057656334e-09], "elapsed_time": 0.37422990798950195, "tol": 0.0001, "converge": true}, "21": {"type": {"name": "both", "imbalance": null, "r_earthing": 40}, "n_iterations": 4, "condition": 853298.2480179553, "residuals": [282.28682155218195, 0.24864072273012994, 0.0627115808383536, 5.748921410031471e-07], "elapsed_time": 0.16467571258544922, "tol": 0.0001, "converge": true}, "22": {"type": {"name": "both", "imbalance": "low", "r_earthing": 40}, "n_iterations": 4, "condition": 1116351.7528697893, "residuals": [381.46867777328026, 0.7263296051553709, 0.5490599186540521, 1.0379518485592598e-05], "elapsed_time": 0.13364291191101074, "tol": 0.0001, "converge": true}, "23": {"type": {"name": "both", "imbalance": "high", "r_earthing": 40}, "n_iterations": 6, "condition": 2211066.148894142, "residuals": [452.49827347701995, 2.7473184685209446, 2.4686371283942776, 0.0002274195443874305, 0.0003236073378332094, 1.0534222383284941e-09], "elapsed_time": 0.27384281158447266, "tol": 0.0001, "converge": true}, "24": {"type": {"name": "both", "imbalance": null, "r_earthing": null}, "n_iterations": 4, "condition": 853572.5737185124, "residuals": [282.28682155218195, 0.24868693855754032, 0.06272141773345652, 5.747612590312201e-07], "elapsed_time": 0.13272404670715332, "tol": 0.0001, "converge": true}, "25": {"type": {"name": "both", "imbalance": "low", "r_earthing": null}, "n_iterations": 4, "condition": 1102473.9729124117, "residuals": [381.46867777328026, 0.2455830436177564, 0.05900077790712377, 7.170206757223241e-07], "elapsed_time": 0.1347963809967041, "tol": 0.0001, "converge": true}, "26": {"type": {"name": "both", "imbalance": "high", "r_earthing": null}, "n_iterations": 4, "condition": 2105955.9394907462, "residuals": [534.7706868365416, 1.857727038253671, 1.7844518915518677, 6.26984370342143e-05], "elapsed_time": 0.1669788360595703, "tol": 0.0001, "converge": true},