{"1": {"R1": [0.6, 0.2, 0.2], "R11": [0.65, 0.1, 0.24999999999999997], "R15": [0.6, 0.25, 0.15000000000000002], "R16": [0.5, 0.05, 0.45], "R17": [0.55, 0.15, 0.29999999999999993], "R18": [0.5, 0.05, 0.45], "I2": [0.6, 0.15, 0.25], "C1": [0.65, 0.25, 0.09999999999999998], "C12": [0.6, 0.15, 0.25], "C13": [0.5, 0.0, 0.5], "C14": [0.6, 0.05, 0.35000000000000003], "C17": [0.6, 0.25, 0.15000000000000002], "C18": [0.6, 0.25, 0.15000000000000002], "C19": [0.55, 0.0, 0.44999999999999996], "C20": [0.6, 0.05, 0.35000000000000003]}}