{"1": {"R1": [0.333, 0.333, 0.333], "R11": [0.333, 0.333, 0.333], "R15": [0.333, 0.333, 0.333], "R16": [0.333, 0.333, 0.333], "R17": [0.333, 0.333, 0.333], "R18": [0.333, 0.333, 0.333], "I2": [0.333, 0.333, 0.333], "C1": [0.333, 0.333, 0.333], "C12": [0.333, 0.333, 0.333], "C13": [0.333, 0.333, 0.333], "C14": [0.333, 0.333, 0.333], "C17": [0.333, 0.333, 0.333], "C18": [0.333, 0.333, 0.333], "C19": [0.333, 0.333, 0.333], "C20": [0.333, 0.333, 0.333]}, "2": {"R1": [0.3, 0.2, 0.49999999999999994], "R11": [0.3, 0.2, 0.49999999999999994], "R15": [0.35, 0.2, 0.45], "R16": [0.35, 0.25, 0.4], "R17": [0.35, 0.2, 0.45], "R18": [0.35, 0.35, 0.30000000000000004], "I2": [0.3, 0.25, 0.44999999999999996], "C1": [0.3, 0.3, 0.39999999999999997], "C12": [0.35, 0.3, 0.35000000000000003], "C13": [0.3, 0.3, 0.39999999999999997], "C14": [0.3, 0.3, 0.39999999999999997], "C17": [0.35, 0.3, 0.35000000000000003], "C18": [0.35, 0.2, 0.45], "C19": [0.35, 0.35, 0.30000000000000004], "C20": [0.35, 0.25, 0.4]}, "3": {"R1": [0.55, 0.0, 0.44999999999999996], "R11": [0.5, 0.25, 0.25], "R15": [0.55, 0.05, 0.39999999999999997], "R16": [0.65, 0.2, 0.14999999999999997], "R17": [0.5, 0.15, 0.35], "R18": [0.6, 0.0, 0.4], "I2": [0.65, 0.05, 0.3], "C1": [0.65, 0.05, 0.3], "C12": [0.65, 0.1, 0.24999999999999997], "C13": [0.6, 0.15, 0.25], "C14": [0.5, 0.1, 0.4], "C17": [0.5, 0.05, 0.45], "C18": [0.65, 0.15, 0.19999999999999998], "C19": [0.55, 0.05, 0.39999999999999997], "C20": [0.55, 0.1, 0.35]}, "4": {"R1": [0.333, 0.333, 0.333], "R11": [0.333, 0.333, 0.333], "R15": [0.333, 0.333, 0.333], "R16": [0.333, 0.333, 0.333], "R17": [0.333, 0.333, 0.333], "R18": [0.333, 0.333, 0.333], "I2": [0.333, 0.333, 0.333], "C1": [0.333, 0.333, 0.333], "C12": [0.333, 0.333, 0.333], "C13": [0.333, 0.333, 0.333], "C14": [0.333, 0.333, 0.333], "C17": [0.333, 0.333, 0.333], "C18": [0.333, 0.333, 0.333], "C19": [0.333, 0.333, 0.333], "C20": [0.333, 0.333, 0.333]}, "5": {"R1": [0.35, 0.25, 0.4], "R11": [0.35, 0.25, 0.4], "R15": [0.35, 0.25, 0.4], "R16": [0.35, 0.3, 0.35000000000000003], "R17": [0.3, 0.35, 0.35], "R18": [0.35, 0.35, 0.30000000000000004], "I2": [0.3, 0.25, 0.44999999999999996], "C1": [0.3, 0.2, 0.49999999999999994], "C12": [0.35, 0.25, 0.4], "C13": [0.35, 0.35, 0.30000000000000004], "C14": [0.35, 0.25, 0.4], "C17": [0.35, 0.25, 0.4], "C18": [0.3, 0.25, 0.44999999999999996], "C19": [0.3, 0.25, 0.44999999999999996], "C20": [0.3, 0.25, 0.44999999999999996]}, "6": {"R1": [0.55, 0.0, 0.44999999999999996], "R11": [0.65, 0.05, 0.3], "R15": [0.6, 0.15, 0.25], "R16": [0.65, 0.1, 0.24999999999999997], "R17": [0.5, 0.0, 0.5], "R18": [0.5, 0.0, 0.5], "I2": [0.5, 0.1, 0.4], "C1": [0.65, 0.05, 0.3], "C12": [0.65, 0.2, 0.14999999999999997], "C13": [0.5, 0.0, 0.5], "C14": [0.55, 0.25, 0.19999999999999996], "C17": [0.65, 0.2, 0.14999999999999997], "C18": [0.65, 0.05, 0.3], "C19": [0.55, 0.1, 0.35], "C20": [0.5, 0.2, 0.3]}, "7": {"R1": [0.333, 0.333, 0.333], "R11": [0.333, 0.333, 0.333], "R15": [0.333, 0.333, 0.333], "R16": [0.333, 0.333, 0.333], "R17": [0.333, 0.333, 0.333], "R18": [0.333, 0.333, 0.333], "I2": [0.333, 0.333, 0.333], "C1": [0.333, 0.333, 0.333], "C12": [0.333, 0.333, 0.333], "C13": [0.333, 0.333, 0.333], "C14": [0.333, 0.333, 0.333], "C17": [0.333, 0.333, 0.333], "C18": [0.333, 0.333, 0.333], "C19": [0.333, 0.333, 0.333], "C20": [0.333, 0.333, 0.333]}, "8": {"R1": [0.35, 0.2, 0.45], "R11": [0.35, 0.3, 0.35000000000000003], "R15": [0.35, 0.35, 0.30000000000000004], "R16": [0.3, 0.3, 0.39999999999999997], "R17": [0.3, 0.35, 0.35], "R18": [0.35, 0.2, 0.45], "I2": [0.35, 0.3, 0.35000000000000003], "C1": [0.3, 0.2, 0.49999999999999994], "C12": [0.3, 0.25, 0.44999999999999996], "C13": [0.35, 0.25, 0.4], "C14": [0.3, 0.3, 0.39999999999999997], "C17": [0.35, 0.3, 0.35000000000000003], "C18": [0.3, 0.25, 0.44999999999999996], "C19": [0.35, 0.2, 0.45], "C20": [0.3, 0.25, 0.44999999999999996]}, "9": {"R1": [0.5, 0.1, 0.4], "R11": [0.55, 0.25, 0.19999999999999996], "R15": [0.65, 0.15, 0.19999999999999998], "R16": [0.65, 0.2, 0.14999999999999997], "R17": [0.65, 0.25, 0.09999999999999998], "R18": [0.5, 0.15, 0.35], "I2": [0.6, 0.0, 0.4], "C1": [0.6, 0.2, 0.2], "C12": [0.65, 0.05, 0.3], "C13": [0.65, 0.25, 0.09999999999999998], "C14": [0.5, 0.0, 0.5], "C17": [0.5, 0.2, 0.3], "C18": [0.65, 0.0, 0.35], "C19": [0.6, 0.1, 0.30000000000000004], "C20": [0.5, 0.1, 0.4]}, "10": {"R1": [0.333, 0.333, 0.333], "R11": [0.333, 0.333, 0.333], "R15": [0.333, 0.333, 0.333], "R16": [0.333, 0.333, 0.333], "R17": [0.333, 0.333, 0.333], "R18": [0.333, 0.333, 0.333], "I2": [0.333, 0.333, 0.333], "C1": [0.333, 0.333, 0.333], "C12": [0.333, 0.333, 0.333], "C13": [0.333, 0.333, 0.333], "C14": [0.333, 0.333, 0.333], "C17": [0.333, 0.333, 0.333], "C18": [0.333, 0.333, 0.333], "C19": [0.333, 0.333, 0.333], "C20": [0.333, 0.333, 0.333]}, "11": {"R1": [0.35, 0.25, 0.4], "R11": [0.3, 0.25, 0.44999999999999996], "R15": [0.3, 0.2, 0.49999999999999994], "R16": [0.35, 0.2, 0.45], "R17": [0.35, 0.25, 0.4], "R18": [0.35, 0.35, 0.30000000000000004], "I2": [0.35, 0.2, 0.45], "C1": [0.35, 0.3, 0.35000000000000003], "C12": [0.3, 0.3, 0.39999999999999997], "C13": [0.3, 0.25, 0.44999999999999996], "C14": [0.3, 0.3, 0.39999999999999997], "C17": [0.3, 0.25, 0.44999999999999996], "C18": [0.35, 0.35, 0.30000000000000004], "C19": [0.35, 0.35, 0.30000000000000004], "C20": [0.3, 0.3, 0.39999999999999997]}, "12": {"R1": [0.6, 0.25, 0.15000000000000002], "R11": [0.65, 0.0, 0.35], "R15": [0.65, 0.1, 0.24999999999999997], "R16": [0.65, 0.1, 0.24999999999999997], "R17": [0.6, 0.2, 0.2], "R18": [0.5, 0.0, 0.5], "I2": [0.65, 0.2, 0.14999999999999997], "C1": [0.55, 0.25, 0.19999999999999996], "C12": [0.65, 0.25, 0.09999999999999998], "C13": [0.5, 0.25, 0.25], "C14": [0.65, 0.15, 0.19999999999999998], "C17": [0.55, 0.0, 0.44999999999999996], "C18": [0.55, 0.15, 0.29999999999999993], "C19": [0.65, 0.1, 0.24999999999999997], "C20": [0.55, 0.05, 0.39999999999999997]}, "13": {"R1": [0.333, 0.333, 0.333], "R11": [0.333, 0.333, 0.333], "R15": [0.333, 0.333, 0.333], "R16": [0.333, 0.333, 0.333], "R17": [0.333, 0.333, 0.333], "R18": [0.333, 0.333, 0.333], "I2": [0.333, 0.333, 0.333], "C1": [0.333, 0.333, 0.333], "C12": [0.333, 0.333, 0.333], "C13": [0.333, 0.333, 0.333], "C14": [0.333, 0.333, 0.333], "C17": [0.333, 0.333, 0.333], "C18": [0.333, 0.333, 0.333], "C19": [0.333, 0.333, 0.333], "C20": [0.333, 0.333, 0.333]}, "14": {"R1": [0.35, 0.3, 0.35000000000000003], "R11": [0.35, 0.25, 0.4], "R15": [0.3, 0.3, 0.39999999999999997], "R16": [0.3, 0.35, 0.35], "R17": [0.35, 0.35, 0.30000000000000004], "R18": [0.3, 0.2, 0.49999999999999994], "I2": [0.35, 0.25, 0.4], "C1": [0.3, 0.2, 0.49999999999999994], "C12": [0.35, 0.2, 0.45], "C13": [0.35, 0.35, 0.30000000000000004], "C14": [0.35, 0.35, 0.30000000000000004], "C17": [0.3, 0.25, 0.44999999999999996], "C18": [0.35, 0.25, 0.4], "C19": [0.35, 0.2, 0.45], "C20": [0.35, 0.2, 0.45]}, "15": {"R1": [0.65, 0.0, 0.35], "R11": [0.5, 0.2, 0.3], "R15": [0.65, 0.2, 0.14999999999999997], "R16": [0.5, 0.25, 0.25], "R17": [0.65, 0.05, 0.3], "R18": [0.6, 0.2, 0.2], "I2": [0.55, 0.15, 0.29999999999999993], "C1": [0.65, 0.25, 0.09999999999999998], "C12": [0.65, 0.05, 0.3], "C13": [0.65, 0.05, 0.3], "C14": [0.55, 0.0, 0.44999999999999996], "C17": [0.6, 0.2, 0.2], "C18": [0.55, 0.15, 0.29999999999999993], "C19": [0.65, 0.15, 0.19999999999999998], "C20": [0.6, 0.0, 0.4]}, "16": {"R1": [0.333, 0.333, 0.333], "R11": [0.333, 0.333, 0.333], "R15": [0.333, 0.333, 0.333], "R16": [0.333, 0.333, 0.333], "R17": [0.333, 0.333, 0.333], "R18": [0.333, 0.333, 0.333], "I2": [0.333, 0.333, 0.333], "C1": [0.333, 0.333, 0.333], "C12": [0.333, 0.333, 0.333], "C13": [0.333, 0.333, 0.333], "C14": [0.333, 0.333, 0.333], "C17": [0.333, 0.333, 0.333], "C18": [0.333, 0.333, 0.333], "C19": [0.333, 0.333, 0.333], "C20": [0.333, 0.333, 0.333]}, "17": {"R1": [0.3, 0.35, 0.35], "R11": [0.35, 0.35, 0.30000000000000004], "R15": [0.35, 0.35, 0.30000000000000004],