{"1": {"type": {"name": "both", "imbalance": "high", "r_earthing": 2.0}, "n_iterations": 3, "condition": 6794.5005142671025, "residuals": [96.68392779781855, 3.708960218289576, 1.8466158508090302e-05], "elapsed_time": 0.613666296005249, "tol": 0.0001, "converge": true, "voltages": {"0": {"R": [230.94010767585033, 230.94010767585033, 230.94010767585033, 230.94010767585033, 230.94010767585033, 230.94010767585033, 230.94010767585033, 230.94010767585033, 230.94010767585033, 230.94010767585033, 230.94010767585033, 230.94010767585033, 230.94010767585033, 230.94010767585033, 230.94010767585033, 230.94010767585033, 230.94010767585033, 230.94010767585033, 230.94010767585033, 230.94010767585033, 230.94010767585033, 230.94010767585033, 230.94010767585033, 230.94010767585033, 230.94010767585033, 230.94010767585033, 230.94010767585033, 230.94010767585033, 230.94010767585033], "S": [230.9401076758503, 230.9401076758503, 230.9401076758503, 230.9401076758503, 230.9401076758503, 230.9401076758503, 230.9401076758503, 230.9401076758503, 230.9401076758503, 230.9401076758503, 230.9401076758503, 230.9401076758503, 230.9401076758503, 230.9401076758503, 230.9401076758503, 230.9401076758503, 230.9401076758503, 230.9401076758503, 230.9401076758503, 230.9401076758503, 230.9401076758503, 230.9401076758503, 230.9401076758503, 230.9401076758503, 230.9401076758503, 230.9401076758503, 230.9401076758503, 230.9401076758503, 230.9401076758503], "T": [230.9401076758503, 230.9401076758503, 230.9401076758503, 230.9401076758503, 230.9401076758503, 230.9401076758503, 230.9401076758503, 230.9401076758503, 230.9401076758503, 230.9401076758503, 230.9401076758503, 230.9401076758503, 230.9401076758503, 230.9401076758503, 230.9401076758503, 230.9401076758503, 230.9401076758503, 230.9401076758503, 230.9401076758503, 230.9401076758503, 230.9401076758503, 230.9401076758503, 230.9401076758503, 230.9401076758503, 230.9401076758503, 230.9401076758503, 230.9401076758503, 230.9401076758503, 230.9401076758503], "N": [0, 0, 0, 0, 0, 0, 0, 0, 0, 0, 0, 0, 0, 0, 0, 0, 0, 0, 0, 0, 0, 0, 0, 0, 0, 0, 0, 0, 0]}, "1": {"R": [230.94010767585033, 230.9401076758503, 230.94010767585002, 230.94010767584894, 230.94010767584865, 230.9401076758503, 230.94010767585036, 230.94010767585058, 230.9401076758506, 230.93117325614304, 230.87591374780075, 230.8756738592326, 230.77219474044423, 230.937303354996, 230.91278763721868, 230.91279427450547, 230.91284219539153, 230.9128838444023, 230.94010767584865, 230.94010767584865, 230.9401076758506, 230.94010767585064, 230.87567385923253, 230.9401076758487, 230.87530861238696, 230.76422981937048, 230.7523224428524, 230.75245900621, 230.90940760427964], "S": [230.9401076758503, 230.94010767585038, 230.94010767585087, 230.9401076758527, 230.94010767585323, 230.94010767585038, 230.94010767585038, 230.9401076758505, 230.94010767585053, 230.93078134702043, 230.87638620016705, 230.87570209205356, 230.77450721160807, 230.9389964327735, 230.9302270539755, 230.92979016422154, 230.9266548500927, 230.92395644134442, 230.94010767585326, 230.94010767585323, 230.94010767585053, 230.94010767585053, 230.8757020920536, 230.94010767585323, 230.8746604630944, 230.76798890684924, 230.7530329784916, 230.87046723411643, 230.92126284946227], "T": [230.9401076758503, 230.9401076758503, 230.94010767585013, 230.9401076758497, 230.94010767584956, 230.9401076758503, 230.9401076758503, 230.94010767585036, 230.94010767585038, 230.91034794831504, 230.7319298709059, 230.72856456940121, 230.39828463310485, 230.91970355193416, 230.75845240238863, 230.75728650632672, 230.74892013598566, 230.74172048283955, 230.9401076758495, 230.94010767584953, 230.94010767585036, 230.94010767585036, 230.72856456940124, 230.94010767584953, 230.72344092531947, 230.3889630940693, 230.30993628273689, 229.6496516947015, 230.73565418856364], "N": [0, 7.361729748942956e-14, 5.682831701349522e-13, 2.582548004138672e-12, 3.166310668729737e-12, 5.818487042684333e-14, 1.9104124594118323e-14, 5.2514463797552366e-14, 6.329608835667042e-14, 0.021223048096122438, 0.21227868501538555, 0.21902067633008682, 0.5683463579684355, 0.01994150584941549, 0.2595876612663804, 0.2591063392270261, 0.25568881744310934, 0.25280043975714284, 3.1829917900357005e-12, 3.1660026944388772e-12, 5.97750621333089e-14, 7.079136353371567e-14, 0.21902067633007283, 3.1507254867488304e-12, 0.22941043608882714, 0.5797828471001332, 0.660442189730568, 1.659760069893249, 0.2523974547649186]}, "2": {"R": [230.94010767585033, 230.94010767585033, 230.9401076758499, 230.94010767584794, 230.94010767584734, 230.94010767585027, 230.9401076758505, 230.94010767585124, 230.9401076758514, 230.93117340567116, 230.87591468968515, 230.8756748382659, 230.77219715346234, 230.93730352295597, 230.9127889773229, 230.91279564539587, 230.91284378716384, 230.91288562620142, 230.94010767584737, 230.94010767584737, 230.94010767585144, 230.9401076758514, 230.87567483826598, 230.9401076758473, 230.87530964798285, 230.76423232377843, 230.7523251701682, 230.75247199168228, 230.9094094145683], "S": [230.9401076758503, 230.94010767585038, 230.9401076758509, 230.94010767585291, 230.94010767585354, 230.94010767585036, 230.94010767585021, 230.94010767585002, 230.94010767584996, 230.93078136830044, 230.8763864025426, 230.87570227333862, 230.7745077645633, 230.9389963328197, 230.93022674768986, 230.92978972074354, 230.92665342206138, 230.92395416595647, 230.94010767585354, 230.94010767585357, 230.9401076758499, 230.94010767584993, 230.87570227333856, 230.94010767585354, 230.87466061226738, 230.7679894741274, 230.75303361747328, 230.8704646894185, 230.92126044575375], "T": [230.9401076758503, 230.94010767585024, 230.94010767585002, 230.94010767584936, 230.94010767584922, 230.94010767585036, 230.9401076758503, 230.94010767585024, 230.94010767585024, 230.91034679280818, 230.73192183271541, 230.72855648630056, 230.39826367321353, 230.91970138123946, 230.758432427285, 230.75726664089228, 230.74890105764857, 230.74170208200593, 230.9401076758492, 230.94010767584913, 230.94010767585024, 230.94010767585024, 230.72855648630056, 230.94010767584925, 230.72343277384243, 230.38894178975843, 230.3099118741003, 229.64938131885444, 230.7356358945695], "N": [0, 6.796531167918996e-14, 6.039814893726486e-13, 2.9130274343748227e-12, 3.605440077804139e-12, 5.302528536789616e-14, 1.2041628637252678e-13, 5.296423112057879e-13, 6.320782981107423e-13, 0.02122412341467048, 0.21228944057960086, 0.21903131485015848, 0.5683753786667274, 0.0199405366790508, 0.2595750464726906, 0.25909407811195617, 0.2556790893188551, 0.25279288320881466, 3.6017224021535715e-12, 3.6051761193420692e-12, 6.632353454374998e-13, 6.490167352475009e-13, 0.21903131485014418, 3.6154763091084453e-12, 0.22942089994558418, 0.5798123868969968, 0.6604760365197583, 1.65967850523474, 0.25239085597080957]}, "3": {"R": [230.94010767585033, 230.94010767585033, 230.94010767585027, 230.94010767584976, 230.94010767584965, 230.9401076758503, 230.9401076758503, 230.9401076758503, 230.94010767585027, 230.9311734056712, 230.87591468968523, 230.8756748382658, 230.77219715346246, 230.93730352295597, 230.91278897732084, 230.91279564539437, 230.91284378716557, 230.912885626206, 230.94010767584962, 230.94010767584967, 230.9401076758503, 230.94010767585024, 230.87567483826584, 230.9401076758496, 230.8753096479828, 230.76423232377846, 230.7523251701683, 230.75247199166347, 230.9094094145733], "S": [230.9401076758503, 230.94010767585038, 230.94010767585087, 230.94010767585291, 230.94010767585343, 230.94010767585038, 230.94010767585038, 230.94010767585053, 230.94010767585058, 230.93078136830042, 230.8763864025424, 230.87570227333862, 230.77450776456283, 230.93899633281939, 230.93022674768895, 230.92978972074212, 230.9266534220569, 230.92395416594934, 230.94010767585343, 230.94010767585343, 230.94010767585058, 230.9401076758506, 230.87570227333865, 230.94010767585343, 230.87466061226738, 230.76798947412692, 230.75303361747277, 230.87046468940704, 230.9212604457462],